session_id,participant_id,group_id,mode_id,stage_index,subset_id,batch_id,image_id,answer,order_index,elapsed_ms_item,elapsed_ms_global,skipped,item_timeout,ts_server,ts_client,user_agent,ip_hash,started_at,finished_at,total_elapsed_ms
369915dc-7220-43ee-a8eb-74c16d51310a,彭23,Group1,multi_stage,0,A,2025A,patient_1,yes,0,1640,1640,0,0,2025-10-27T13:29:00,2025-10-27T13:29:00.374000,"Mozilla/5.0 (Macintosh; Intel Mac OS X 10_15_7) AppleWebKit/537.36 (KHTML, like Gecko) Chrome/141.0.0.0 Safari/537.36",1bd018b5f121255f21438bd8a8a5471315a06e7b6fcff3fcb7243f491a60d9e2,2025-10-27T13:28:58,2025-10-27T13:29:37.881763,39140
369915dc-7220-43ee-a8eb-74c16d51310a,彭23,Group1,multi_stage,0,A,2025A,patient_100,yes,1,100,1772,0,0,2025-10-27T13:29:00,2025-10-27T13:29:00.506000,"Mozilla/5.0 (Macintosh; Intel Mac OS X 10_15_7) AppleWebKit/537.36 (KHTML, like Gecko) Chrome/141.0.0.0 Safari/537.36",1bd018b5f121255f21438bd8a8a5471315a06e7b6fcff3fcb7243f491a60d9e2,2025-10-27T13:28:58,2025-10-27T13:29:37.881763,39140
369915dc-7220-43ee-a8eb-74c16d51310a,彭23,Group1,multi_stage,0,A,2025A,patient_101,yes,2,168,1972,0,0,2025-10-27T13:29:00,2025-10-27T13:29:00.706000,"Mozilla/5.0 (Macintosh; Intel Mac OS X 10_15_7) AppleWebKit/537.36 (KHTML, like Gecko) Chrome/141.0.0.0 Safari/537.36",1bd018b5f121255f21438bd8a8a5471315a06e7b6fcff3fcb7243f491a60d9e2,2025-10-27T13:28:58,2025-10-27T13:29:37.881763,39140
369915dc-7220-43ee-a8eb-74c16d51310a,彭23,Group1,multi_stage,0,A,2025A,patient_102,yes,3,134,2138,0,0,2025-10-27T13:29:00,2025-10-27T13:29:00.872000,"Mozilla/5.0 (Macintosh; Intel Mac OS X 10_15_7) AppleWebKit/537.36 (KHTML, like Gecko) Chrome/141.0.0.0 Safari/537.36",1bd018b5f121255f21438bd8a8a5471315a06e7b6fcff3fcb7243f491a60d9e2,2025-10-27T13:28:58,2025-10-27T13:29:37.881763,39140
369915dc-7220-43ee-a8eb-74c16d51310a,彭23,Group1,multi_stage,0,A,2025A,patient_104,yes,4,101,2272,0,0,2025-10-27T13:29:01,2025-10-27T13:29:01.006000,"Mozilla/5.0 (Macintosh; Intel Mac OS X 10_15_7) AppleWebKit/537.36 (KHTML, like Gecko) Chrome/141.0.0.0 Safari/537.36",1bd018b5f121255f21438bd8a8a5471315a06e7b6fcff3fcb7243f491a60d9e2,2025-10-27T13:28:58,2025-10-27T13:29:37.881763,39140
369915dc-7220-43ee-a8eb-74c16d51310a,彭23,Group1,multi_stage,0,A,2025A,patient_105,yes,5,101,2405,0,0,2025-10-27T13:29:01,2025-10-27T13:29:01.139000,"Mozilla/5.0 (Macintosh; Intel Mac OS X 10_15_7) AppleWebKit/537.36 (KHTML, like Gecko) Chrome/141.0.0.0 Safari/537.36",1bd018b5f121255f21438bd8a8a5471315a06e7b6fcff3fcb7243f491a60d9e2,2025-10-27T13:28:58,2025-10-27T13:29:37.881763,39140
369915dc-7220-43ee-a8eb-74c16d51310a,彭23,Group1,multi_stage,0,A,2025A,patient_108,yes,6,102,2539,0,0,2025-10-27T13:29:01,2025-10-27T13:29:01.273000,"Mozilla/5.0 (Macintosh; Intel Mac OS X 10_15_7) AppleWebKit/537.36 (KHTML, like Gecko) Chrome/141.0.0.0 Safari/537.36",1bd018b5f121255f21438bd8a8a5471315a06e7b6fcff3fcb7243f491a60d9e2,2025-10-27T13:28:58,2025-10-27T13:29:37.881763,39140
369915dc-7220-43ee-a8eb-74c16d51310a,彭23,Group1,multi_stage,0,A,2025A,patient_109,yes,7,234,2805,0,0,2025-10-27T13:29:01,2025-10-27T13:29:01.539000,"Mozilla/5.0 (Macintosh; Intel Mac OS X 10_15_7) AppleWebKit/537.36 (KHTML, like Gecko) Chrome/141.0.0.0 Safari/537.36",1bd018b5f121255f21438bd8a8a5471315a06e7b6fcff3fcb7243f491a60d9e2,2025-10-27T13:28:58,2025-10-27T13:29:37.881763,39140
369915dc-7220-43ee-a8eb-74c16d51310a,彭23,Group1,multi_stage,0,A,2025A,patient_110,yes,8,101,2938,0,0,2025-10-27T13:29:01,2025-10-27T13:29:01.672000,"Mozilla/5.0 (Macintosh; Intel Mac OS X 10_15_7) AppleWebKit/537.36 (KHTML, like Gecko) Chrome/141.0.0.0 Safari/537.36",1bd018b5f121255f21438bd8a8a5471315a06e7b6fcff3fcb7243f491a60d9e2,2025-10-27T13:28:58,2025-10-27T13:29:37.881763,39140
369915dc-7220-43ee-a8eb-74c16d51310a,彭23,Group1,multi_stage,0,A,2025A,patient_111,yes,9,134,3105,0,0,2025-10-27T13:29:01,2025-10-27T13:29:01.839000,"Mozilla/5.0 (Macintosh; Intel Mac OS X 10_15_7) AppleWebKit/537.36 (KHTML, like Gecko) Chrome/141.0.0.0 Safari/537.36",1bd018b5f121255f21438bd8a8a5471315a06e7b6fcff3fcb7243f491a60d9e2,2025-10-27T13:28:58,2025-10-27T13:29:37.881763,39140
369915dc-7220-43ee-a8eb-74c16d51310a,彭23,Group1,multi_stage,0,A,2025A,patient_113,yes,10,101,3238,0,0,2025-10-27T13:29:01,2025-10-27T13:29:01.972000,"Mozilla/5.0 (Macintosh; Intel Mac OS X 10_15_7) AppleWebKit/537.36 (KHTML, like Gecko) Chrome/141.0.0.0 Safari/537.36",1bd018b5f121255f21438bd8a8a5471315a06e7b6fcff3fcb7243f491a60d9e2,2025-10-27T13:28:58,2025-10-27T13:29:37.881763,39140
369915dc-7220-43ee-a8eb-74c16d51310a,彭23,Group1,multi_stage,0,A,2025A,patient_116,yes,11,100,3371,0,0,2025-10-27T13:29:02,2025-10-27T13:29:02.105000,"Mozilla/5.0 (Macintosh; Intel Mac OS X 10_15_7) AppleWebKit/537.36 (KHTML, like Gecko) Chrome/141.0.0.0 Safari/537.36",1bd018b5f121255f21438bd8a8a5471315a06e7b6fcff3fcb7243f491a60d9e2,2025-10-27T13:28:58,2025-10-27T13:29:37.881763,39140
369915dc-7220-43ee-a8eb-74c16d51310a,彭23,Group1,multi_stage,0,A,2025A,patient_117,yes,12,101,3505,0,0,2025-10-27T13:29:02,2025-10-27T13:29:02.239000,"Mozilla/5.0 (Macintosh; Intel Mac OS X 10_15_7) AppleWebKit/537.36 (KHTML, like Gecko) Chrome/141.0.0.0 Safari/537.36",1bd018b5f121255f21438bd8a8a5471315a06e7b6fcff3fcb7243f491a60d9e2,2025-10-27T13:28:58,2025-10-27T13:29:37.881763,39140
369915dc-7220-43ee-a8eb-74c16d51310a,彭23,Group1,multi_stage,0,A,2025A,patient_118,yes,13,134,3671,0,0,2025-10-27T13:29:02,2025-10-27T13:29:02.405000,"Mozilla/5.0 (Macintosh; Intel Mac OS X 10_15_7) AppleWebKit/537.36 (KHTML, like Gecko) Chrome/141.0.0.0 Safari/537.36",1bd018b5f121255f21438bd8a8a5471315a06e7b6fcff3fcb7243f491a60d9e2,2025-10-27T13:28:58,2025-10-27T13:29:37.881763,39140
369915dc-7220-43ee-a8eb-74c16d51310a,彭23,Group1,multi_stage,0,A,2025A,patient_119,yes,14,68,3772,0,0,2025-10-27T13:29:02,2025-10-27T13:29:02.506000,"Mozilla/5.0 (Macintosh; Intel Mac OS X 10_15_7) AppleWebKit/537.36 (KHTML, like Gecko) Chrome/141.0.0.0 Safari/537.36",1bd018b5f121255f21438bd8a8a5471315a06e7b6fcff3fcb7243f491a60d9e2,2025-10-27T13:28:58,2025-10-27T13:29:37.881763,39140
369915dc-7220-43ee-a8eb-74c16d51310a,彭23,Group1,multi_stage,0,A,2025A,patient_12,yes,15,134,3938,0,0,2025-10-27T13:29:02,2025-10-27T13:29:02.672000,"Mozilla/5.0 (Macintosh; Intel Mac OS X 10_15_7) AppleWebKit/537.36 (KHTML, like Gecko) Chrome/141.0.0.0 Safari/537.36",1bd018b5f121255f21438bd8a8a5471315a06e7b6fcff3fcb7243f491a60d9e2,2025-10-27T13:28:58,2025-10-27T13:29:37.881763,39140
369915dc-7220-43ee-a8eb-74c16d51310a,彭23,Group1,multi_stage,0,A,2025A,patient_120,yes,16,100,4071,0,0,2025-10-27T13:29:02,2025-10-27T13:29:02.805000,"Mozilla/5.0 (Macintosh; Intel Mac OS X 10_15_7) AppleWebKit/537.36 (KHTML, like Gecko) Chrome/141.0.0.0 Safari/537.36",1bd018b5f121255f21438bd8a8a5471315a06e7b6fcff3fcb7243f491a60d9e2,2025-10-27T13:28:58,2025-10-27T13:29:37.881763,39140
369915dc-7220-43ee-a8eb-74c16d51310a,彭23,Group1,multi_stage,0,A,2025A,patient_123,yes,17,101,4205,0,0,2025-10-27T13:29:02,2025-10-27T13:29:02.939000,"Mozilla/5.0 (Macintosh; Intel Mac OS X 10_15_7) AppleWebKit/537.36 (KHTML, like Gecko) Chrome/141.0.0.0 Safari/537.36",1bd018b5f121255f21438bd8a8a5471315a06e7b6fcff3fcb7243f491a60d9e2,2025-10-27T13:28:58,2025-10-27T13:29:37.881763,39140
369915dc-7220-43ee-a8eb-74c16d51310a,彭23,Group1,multi_stage,0,A,2025A,patient_126,yes,18,101,4338,0,0,2025-10-27T13:29:03,2025-10-27T13:29:03.072000,"Mozilla/5.0 (Macintosh; Intel Mac OS X 10_15_7) AppleWebKit/537.36 (KHTML, like Gecko) Chrome/141.0.0.0 Safari/537.36",1bd018b5f121255f21438bd8a8a5471315a06e7b6fcff3fcb7243f491a60d9e2,2025-10-27T13:28:58,2025-10-27T13:29:37.881763,39140
369915dc-7220-43ee-a8eb-74c16d51310a,彭23,Group1,multi_stage,0,A,2025A,patient_131,yes,19,101,4472,0,0,2025-10-27T13:29:03,2025-10-27T13:29:03.206000,"Mozilla/5.0 (Macintosh; Intel Mac OS X 10_15_7) AppleWebKit/537.36 (KHTML, like Gecko) Chrome/141.0.0.0 Safari/537.36",1bd018b5f121255f21438bd8a8a5471315a06e7b6fcff3fcb7243f491a60d9e2,2025-10-27T13:28:58,2025-10-27T13:29:37.881763,39140
369915dc-7220-43ee-a8eb-74c16d51310a,彭23,Group1,multi_stage,0,A,2025A,patient_133,yes,20,101,4605,0,0,2025-10-27T13:29:03,2025-10-27T13:29:03.339000,"Mozilla/5.0 (Macintosh; Intel Mac OS X 10_15_7) AppleWebKit/537.36 (KHTML, like Gecko) Chrome/141.0.0.0 Safari/537.36",1bd018b5f121255f21438bd8a8a5471315a06e7b6fcff3fcb7243f491a60d9e2,2025-10-27T13:28:58,2025-10-27T13:29:37.881763,39140
369915dc-7220-43ee-a8eb-74c16d51310a,彭23,Group1,multi_stage,0,A,2025A,patient_135,yes,21,134,4771,0,0,2025-10-27T13:29:03,2025-10-27T13:29:03.505000,"Mozilla/5.0 (Macintosh; Intel Mac OS X 10_15_7) AppleWebKit/537.36 (KHTML, like Gecko) Chrome/141.0.0.0 Safari/537.36",1bd018b5f121255f21438bd8a8a5471315a06e7b6fcff3fcb7243f491a60d9e2,2025-10-27T13:28:58,2025-10-27T13:29:37.881763,39140
369915dc-7220-43ee-a8eb-74c16d51310a,彭23,Group1,multi_stage,0,A,2025A,patient_136,yes,22,68,4872,0,0,2025-10-27T13:29:03,2025-10-27T13:29:03.606000,"Mozilla/5.0 (Macintosh; Intel Mac OS X 10_15_7) AppleWebKit/537.36 (KHTML, like Gecko) Chrome/141.0.0.0 Safari/537.36",1bd018b5f121255f21438bd8a8a5471315a06e7b6fcff3fcb7243f491a60d9e2,2025-10-27T13:28:58,2025-10-27T13:29:37.881763,39140
369915dc-7220-43ee-a8eb-74c16d51310a,彭23,Group1,multi_stage,0,A,2025A,patient_139,yes,23,134,5038,0,0,2025-10-27T13:29:03,2025-10-27T13:29:03.772000,"Mozilla/5.0 (Macintosh; Intel Mac OS X 10_15_7) AppleWebKit/537.36 (KHTML, like Gecko) Chrome/141.0.0.0 Safari/537.36",1bd018b5f121255f21438bd8a8a5471315a06e7b6fcff3fcb7243f491a60d9e2,2025-10-27T13:28:58,2025-10-27T13:29:37.881763,39140
369915dc-7220-43ee-a8eb-74c16d51310a,彭23,Group1,multi_stage,0,A,2025A,patient_14,yes,24,100,5171,0,0,2025-10-27T13:29:03,2025-10-27T13:29:03.905000,"Mozilla/5.0 (Macintosh; Intel Mac OS X 10_15_7) AppleWebKit/537.36 (KHTML, like Gecko) Chrome/141.0.0.0 Safari/537.36",1bd018b5f121255f21438bd8a8a5471315a06e7b6fcff3fcb7243f491a60d9e2,2025-10-27T13:28:58,2025-10-27T13:29:37.881763,39140
369915dc-7220-43ee-a8eb-74c16d51310a,彭23,Group1,multi_stage,0,A,2025A,patient_140,yes,25,101,5305,0,0,2025-10-27T13:29:04,2025-10-27T13:29:04.039000,"Mozilla/5.0 (Macintosh; Intel Mac OS X 10_15_7) AppleWebKit/537.36 (KHTML, like Gecko) Chrome/141.0.0.0 Safari/537.36",1bd018b5f121255f21438bd8a8a5471315a06e7b6fcff3fcb7243f491a60d9e2,2025-10-27T13:28:58,2025-10-27T13:29:37.881763,39140
369915dc-7220-43ee-a8eb-74c16d51310a,彭23,Group1,multi_stage,0,A,2025A,patient_146,yes,26,134,5471,0,0,2025-10-27T13:29:04,2025-10-27T13:29:04.205000,"Mozilla/5.0 (Macintosh; Intel Mac OS X 10_15_7) AppleWebKit/537.36 (KHTML, like Gecko) Chrome/141.0.0.0 Safari/537.36",1bd018b5f121255f21438bd8a8a5471315a06e7b6fcff3fcb7243f491a60d9e2,2025-10-27T13:28:58,2025-10-27T13:29:37.881763,39140
369915dc-7220-43ee-a8eb-74c16d51310a,彭23,Group1,multi_stage,0,A,2025A,patient_149,yes,27,101,5605,0,0,2025-10-27T13:29:04,2025-10-27T13:29:04.339000,"Mozilla/5.0 (Macintosh; Intel Mac OS X 10_15_7) AppleWebKit/537.36 (KHTML, like Gecko) Chrome/141.0.0.0 Safari/537.36",1bd018b5f121255f21438bd8a8a5471315a06e7b6fcff3fcb7243f491a60d9e2,2025-10-27T13:28:58,2025-10-27T13:29:37.881763,39140
369915dc-7220-43ee-a8eb-74c16d51310a,彭23,Group1,multi_stage,0,A,2025A,patient_150,yes,28,135,5772,0,0,2025-10-27T13:29:04,2025-10-27T13:29:04.506000,"Mozilla/5.0 (Macintosh; Intel Mac OS X 10_15_7) AppleWebKit/537.36 (KHTML, like Gecko) Chrome/141.0.0.0 Safari/537.36",1bd018b5f121255f21438bd8a8a5471315a06e7b6fcff3fcb7243f491a60d9e2,2025-10-27T13:28:58,2025-10-27T13:29:37.881763,39140
369915dc-7220-43ee-a8eb-74c16d51310a,彭23,Group1,multi_stage,0,A,2025A,patient_152,yes,29,101,5905,0,0,2025-10-27T13:29:04,2025-10-27T13:29:04.639000,"Mozilla/5.0 (Macintosh; Intel Mac OS X 10_15_7) AppleWebKit/537.36 (KHTML, like Gecko) Chrome/141.0.0.0 Safari/537.36",1bd018b5f121255f21438bd8a8a5471315a06e7b6fcff3fcb7243f491a60d9e2,2025-10-27T13:28:58,2025-10-27T13:29:37.881763,39140
369915dc-7220-43ee-a8eb-74c16d51310a,彭23,Group1,multi_stage,0,A,2025A,patient_156,yes,30,269,6206,0,0,2025-10-27T13:29:04,2025-10-27T13:29:04.940000,"Mozilla/5.0 (Macintosh; Intel Mac OS X 10_15_7) AppleWebKit/537.36 (KHTML, like Gecko) Chrome/141.0.0.0 Safari/537.36",1bd018b5f121255f21438bd8a8a5471315a06e7b6fcff3fcb7243f491a60d9e2,2025-10-27T13:28:58,2025-10-27T13:29:37.881763,39140
369915dc-7220-43ee-a8eb-74c16d51310a,彭23,Group1,multi_stage,0,A,2025A,patient_157,yes,31,134,6372,0,0,2025-10-27T13:29:05,2025-10-27T13:29:05.106000,"Mozilla/5.0 (Macintosh; Intel Mac OS X 10_15_7) AppleWebKit/537.36 (KHTML, like Gecko) Chrome/141.0.0.0 Safari/537.36",1bd018b5f121255f21438bd8a8a5471315a06e7b6fcff3fcb7243f491a60d9e2,2025-10-27T13:28:58,2025-10-27T13:29:37.881763,39140
369915dc-7220-43ee-a8eb-74c16d51310a,彭23,Group1,multi_stage,0,A,2025A,patient_159,yes,32,100,6505,0,0,2025-10-27T13:29:05,2025-10-27T13:29:05.239000,"Mozilla/5.0 (Macintosh; Intel Mac OS X 10_15_7) AppleWebKit/537.36 (KHTML, like Gecko) Chrome/141.0.0.0 Safari/537.36",1bd018b5f121255f21438bd8a8a5471315a06e7b6fcff3fcb7243f491a60d9e2,2025-10-27T13:28:58,2025-10-27T13:29:37.881763,39140
369915dc-7220-43ee-a8eb-74c16d51310a,彭23,Group1,multi_stage,0,A,2025A,patient_162,yes,33,101,6638,0,0,2025-10-27T13:29:05,2025-10-27T13:29:05.372000,"Mozilla/5.0 (Macintosh; Intel Mac OS X 10_15_7) AppleWebKit/537.36 (KHTML, like Gecko) Chrome/141.0.0.0 Safari/537.36",1bd018b5f121255f21438bd8a8a5471315a06e7b6fcff3fcb7243f491a60d9e2,2025-10-27T13:28:58,2025-10-27T13:29:37.881763,39140
369915dc-7220-43ee-a8eb-74c16d51310a,彭23,Group1,multi_stage,0,A,2025A,patient_165,yes,34,134,6804,0,0,2025-10-27T13:29:05,2025-10-27T13:29:05.538000,"Mozilla/5.0 (Macintosh; Intel Mac OS X 10_15_7) AppleWebKit/537.36 (KHTML, like Gecko) Chrome/141.0.0.0 Safari/537.36",1bd018b5f121255f21438bd8a8a5471315a06e7b6fcff3fcb7243f491a60d9e2,2025-10-27T13:28:58,2025-10-27T13:29:37.881763,39140
369915dc-7220-43ee-a8eb-74c16d51310a,彭23,Group1,multi_stage,0,A,2025A,patient_167,yes,35,100,6938,0,0,2025-10-27T13:29:05,2025-10-27T13:29:05.672000,"Mozilla/5.0 (Macintosh; Intel Mac OS X 10_15_7) AppleWebKit/537.36 (KHTML, like Gecko) Chrome/141.0.0.0 Safari/537.36",1bd018b5f121255f21438bd8a8a5471315a06e7b6fcff3fcb7243f491a60d9e2,2025-10-27T13:28:58,2025-10-27T13:29:37.881763,39140
369915dc-7220-43ee-a8eb-74c16d51310a,彭23,Group1,multi_stage,0,A,2025A,patient_168,yes,36,101,7071,0,0,2025-10-27T13:29:05,2025-10-27T13:29:05.805000,"Mozilla/5.0 (Macintosh; Intel Mac OS X 10_15_7) AppleWebKit/537.36 (KHTML, like Gecko) Chrome/141.0.0.0 Safari/537.36",1bd018b5f121255f21438bd8a8a5471315a06e7b6fcff3fcb7243f491a60d9e2,2025-10-27T13:28:58,2025-10-27T13:29:37.881763,39140
369915dc-7220-43ee-a8eb-74c16d51310a,彭23,Group1,multi_stage,0,A,2025A,patient_169,yes,37,135,7238,0,0,2025-10-27T13:29:05,2025-10-27T13:29:05.972000,"Mozilla/5.0 (Macintosh; Intel Mac OS X 10_15_7) AppleWebKit/537.36 (KHTML, like Gecko) Chrome/141.0.0.0 Safari/537.36",1bd018b5f121255f21438bd8a8a5471315a06e7b6fcff3fcb7243f491a60d9e2,2025-10-27T13:28:58,2025-10-27T13:29:37.881763,39140
369915dc-7220-43ee-a8eb-74c16d51310a,彭23,Group1,multi_stage,0,A,2025A,patient_170,yes,38,134,7405,0,0,2025-10-27T13:29:06,2025-10-27T13:29:06.139000,"Mozilla/5.0 (Macintosh; Intel Mac OS X 10_15_7) AppleWebKit/537.36 (KHTML, like Gecko) Chrome/141.0.0.0 Safari/537.36",1bd018b5f121255f21438bd8a8a5471315a06e7b6fcff3fcb7243f491a60d9e2,2025-10-27T13:28:58,2025-10-27T13:29:37.881763,39140
369915dc-7220-43ee-a8eb-74c16d51310a,彭23,Group1,multi_stage,0,A,2025A,patient_172,yes,39,68,7505,0,0,2025-10-27T13:29:06,2025-10-27T13:29:06.239000,"Mozilla/5.0 (Macintosh; Intel Mac OS X 10_15_7) AppleWebKit/537.36 (KHTML, like Gecko) Chrome/141.0.0.0 Safari/537.36",1bd018b5f121255f21438bd8a8a5471315a06e7b6fcff3fcb7243f491a60d9e2,2025-10-27T13:28:58,2025-10-27T13:29:37.881763,39140
369915dc-7220-43ee-a8eb-74c16d51310a,彭23,Group1,multi_stage,0,A,2025A,patient_175,yes,40,134,7671,0,0,2025-10-27T13:29:06,2025-10-27T13:29:06.405000,"Mozilla/5.0 (Macintosh; Intel Mac OS X 10_15_7) AppleWebKit/537.36 (KHTML, like Gecko) Chrome/141.0.0.0 Safari/537.36",1bd018b5f121255f21438bd8a8a5471315a06e7b6fcff3fcb7243f491a60d9e2,2025-10-27T13:28:58,2025-10-27T13:29:37.881763,39140
369915dc-7220-43ee-a8eb-74c16d51310a,彭23,Group1,multi_stage,0,A,2025A,patient_176,yes,41,134,7838,0,0,2025-10-27T13:29:06,2025-10-27T13:29:06.572000,"Mozilla/5.0 (Macintosh; Intel Mac OS X 10_15_7) AppleWebKit/537.36 (KHTML, like Gecko) Chrome/141.0.0.0 Safari/537.36",1bd018b5f121255f21438bd8a8a5471315a06e7b6fcff3fcb7243f491a60d9e2,2025-10-27T13:28:58,2025-10-27T13:29:37.881763,39140
369915dc-7220-43ee-a8eb-74c16d51310a,彭23,Group1,multi_stage,0,A,2025A,patient_178,yes,42,101,7971,0,0,2025-10-27T13:29:06,2025-10-27T13:29:06.705000,"Mozilla/5.0 (Macintosh; Intel Mac OS X 10_15_7) AppleWebKit/537.36 (KHTML, like Gecko) Chrome/141.0.0.0 Safari/537.36",1bd018b5f121255f21438bd8a8a5471315a06e7b6fcff3fcb7243f491a60d9e2,2025-10-27T13:28:58,2025-10-27T13:29:37.881763,39140
369915dc-7220-43ee-a8eb-74c16d51310a,彭23,Group1,multi_stage,0,A,2025A,patient_18,yes,43,101,8105,0,0,2025-10-27T13:29:06,2025-10-27T13:29:06.839000,"Mozilla/5.0 (Macintosh; Intel Mac OS X 10_15_7) AppleWebKit/537.36 (KHTML, like Gecko) Chrome/141.0.0.0 Safari/537.36",1bd018b5f121255f21438bd8a8a5471315a06e7b6fcff3fcb7243f491a60d9e2,2025-10-27T13:28:58,2025-10-27T13:29:37.881763,39140
369915dc-7220-43ee-a8eb-74c16d51310a,彭23,Group1,multi_stage,0,A,2025A,patient_180,yes,44,134,8271,0,0,2025-10-27T13:29:07,2025-10-27T13:29:07.005000,"Mozilla/5.0 (Macintosh; Intel Mac OS X 10_15_7) AppleWebKit/537.36 (KHTML, like Gecko) Chrome/141.0.0.0 Safari/537.36",1bd018b5f121255f21438bd8a8a5471315a06e7b6fcff3fcb7243f491a60d9e2,2025-10-27T13:28:58,2025-10-27T13:29:37.881763,39140
369915dc-7220-43ee-a8eb-74c16d51310a,彭23,Group1,multi_stage,0,A,2025A,patient_181,yes,45,101,8405,0,0,2025-10-27T13:29:07,2025-10-27T13:29:07.139000,"Mozilla/5.0 (Macintosh; Intel Mac OS X 10_15_7) AppleWebKit/537.36 (KHTML, like Gecko) Chrome/141.0.0.0 Safari/537.36",1bd018b5f121255f21438bd8a8a5471315a06e7b6fcff3fcb7243f491a60d9e2,2025-10-27T13:28:58,2025-10-27T13:29:37.881763,39140
369915dc-7220-43ee-a8eb-74c16d51310a,彭23,Group1,multi_stage,0,A,2025A,patient_182,yes,46,101,8538,0,0,2025-10-27T13:29:07,2025-10-27T13:29:07.272000,"Mozilla/5.0 (Macintosh; Intel Mac OS X 10_15_7) AppleWebKit/537.36 (KHTML, like Gecko) Chrome/141.0.0.0 Safari/537.36",1bd018b5f121255f21438bd8a8a5471315a06e7b6fcff3fcb7243f491a60d9e2,2025-10-27T13:28:58,2025-10-27T13:29:37.881763,39140
369915dc-7220-43ee-a8eb-74c16d51310a,彭23,Group1,multi_stage,0,A,2025A,patient_183,yes,47,134,8705,0,0,2025-10-27T13:29:07,2025-10-27T13:29:07.439000,"Mozilla/5.0 (Macintosh; Intel Mac OS X 10_15_7) AppleWebKit/537.36 (KHTML, like Gecko) Chrome/141.0.0.0 Safari/537.36",1bd018b5f121255f21438bd8a8a5471315a06e7b6fcff3fcb7243f491a60d9e2,2025-10-27T13:28:58,2025-10-27T13:29:37.881763,39140
369915dc-7220-43ee-a8eb-74c16d51310a,彭23,Group1,multi_stage,0,A,2025A,patient_186,yes,48,101,8838,0,0,2025-10-27T13:29:07,2025-10-27T13:29:07.572000,"Mozilla/5.0 (Macintosh; Intel Mac OS X 10_15_7) AppleWebKit/537.36 (KHTML, like Gecko) Chrome/141.0.0.0 Safari/537.36",1bd018b5f121255f21438bd8a8a5471315a06e7b6fcff3fcb7243f491a60d9e2,2025-10-27T13:28:58,2025-10-27T13:29:37.881763,39140
369915dc-7220-43ee-a8eb-74c16d51310a,彭23,Group1,multi_stage,0,A,2025A,patient_188,yes,49,101,8971,0,0,2025-10-27T13:29:07,2025-10-27T13:29:07.705000,"Mozilla/5.0 (Macintosh; Intel Mac OS X 10_15_7) AppleWebKit/537.36 (KHTML, like Gecko) Chrome/141.0.0.0 Safari/537.36",1bd018b5f121255f21438bd8a8a5471315a06e7b6fcff3fcb7243f491a60d9e2,2025-10-27T13:28:58,2025-10-27T13:29:37.881763,39140
369915dc-7220-43ee-a8eb-74c16d51310a,彭23,Group1,multi_stage,0,A,2025A,patient_189,yes,50,167,9171,0,0,2025-10-27T13:29:07,2025-10-27T13:29:07.905000,"Mozilla/5.0 (Macintosh; Intel Mac OS X 10_15_7) AppleWebKit/537.36 (KHTML, like Gecko) Chrome/141.0.0.0 Safari/537.36",1bd018b5f121255f21438bd8a8a5471315a06e7b6fcff3fcb7243f491a60d9e2,2025-10-27T13:28:58,2025-10-27T13:29:37.881763,39140
369915dc-7220-43ee-a8eb-74c16d51310a,彭23,Group1,multi_stage,0,A,2025A,patient_19,yes,51,101,9305,0,0,2025-10-27T13:29:08,2025-10-27T13:29:08.039000,"Mozilla/5.0 (Macintosh; Intel Mac OS X 10_15_7) AppleWebKit/537.36 (KHTML, like Gecko) Chrome/141.0.0.0 Safari/537.36",1bd018b5f121255f21438bd8a8a5471315a06e7b6fcff3fcb7243f491a60d9e2,2025-10-27T13:28:58,2025-10-27T13:29:37.881763,39140
369915dc-7220-43ee-a8eb-74c16d51310a,彭23,Group1,multi_stage,0,A,2025A,patient_192,yes,52,101,9438,0,0,2025-10-27T13:29:08,2025-10-27T13:29:08.172000,"Mozilla/5.0 (Macintosh; Intel Mac OS X 10_15_7) AppleWebKit/537.36 (KHTML, like Gecko) Chrome/141.0.0.0 Safari/537.36",1bd018b5f121255f21438bd8a8a5471315a06e7b6fcff3fcb7243f491a60d9e2,2025-10-27T13:28:58,2025-10-27T13:29:37.881763,39140
369915dc-7220-43ee-a8eb-74c16d51310a,彭23,Group1,multi_stage,0,A,2025A,patient_193,yes,53,135,9605,0,0,2025-10-27T13:29:08,2025-10-27T13:29:08.339000,"Mozilla/5.0 (Macintosh; Intel Mac OS X 10_15_7) AppleWebKit/537.36 (KHTML, like Gecko) Chrome/141.0.0.0 Safari/537.36",1bd018b5f121255f21438bd8a8a5471315a06e7b6fcff3fcb7243f491a60d9e2,2025-10-27T13:28:58,2025-10-27T13:29:37.881763,39140
369915dc-7220-43ee-a8eb-74c16d51310a,彭23,Group1,multi_stage,0,A,2025A,patient_194,yes,54,134,9771,0,0,2025-10-27T13:29:08,2025-10-27T13:29:08.505000,"Mozilla/5.0 (Macintosh; Intel Mac OS X 10_15_7) AppleWebKit/537.36 (KHTML, like Gecko) Chrome/141.0.0.0 Safari/537.36",1bd018b5f121255f21438bd8a8a5471315a06e7b6fcff3fcb7243f491a60d9e2,2025-10-27T13:28:58,2025-10-27T13:29:37.881763,39140
369915dc-7220-43ee-a8eb-74c16d51310a,彭23,Group1,multi_stage,0,A,2025A,patient_198,yes,55,101,9905,0,0,2025-10-27T13:29:08,2025-10-27T13:29:08.639000,"Mozilla/5.0 (Macintosh; Intel Mac OS X 10_15_7) AppleWebKit/537.36 (KHTML, like Gecko) Chrome/141.0.0.0 Safari/537.36",1bd018b5f121255f21438bd8a8a5471315a06e7b6fcff3fcb7243f491a60d9e2,2025-10-27T13:28:58,2025-10-27T13:29:37.881763,39140
369915dc-7220-43ee-a8eb-74c16d51310a,彭23,Group1,multi_stage,0,A,2025A,patient_199,yes,56,135,10072,0,0,2025-10-27T13:29:08,2025-10-27T13:29:08.806000,"Mozilla/5.0 (Macintosh; Intel Mac OS X 10_15_7) AppleWebKit/537.36 (KHTML, like Gecko) Chrome/141.0.0.0 Safari/537.36",1bd018b5f121255f21438bd8a8a5471315a06e7b6fcff3fcb7243f491a60d9e2,2025-10-27T13:28:58,2025-10-27T13:29:37.881763,39140
369915dc-7220-43ee-a8eb-74c16d51310a,彭23,Group1,multi_stage,0,A,2025A,patient_2,yes,57,101,10205,0,0,2025-10-27T13:29:08,2025-10-27T13:29:08.939000,"Mozilla/5.0 (Macintosh; Intel Mac OS X 10_15_7) AppleWebKit/537.36 (KHTML, like Gecko) Chrome/141.0.0.0 Safari/537.36",1bd018b5f121255f21438bd8a8a5471315a06e7b6fcff3fcb7243f491a60d9e2,2025-10-27T13:28:58,2025-10-27T13:29:37.881763,39140
369915dc-7220-43ee-a8eb-74c16d51310a,彭23,Group1,multi_stage,0,A,2025A,patient_201,yes,58,268,10505,0,0,2025-10-27T13:29:09,2025-10-27T13:29:09.239000,"Mozilla/5.0 (Macintosh; Intel Mac OS X 10_15_7) AppleWebKit/537.36 (KHTML, like Gecko) Chrome/141.0.0.0 Safari/537.36",1bd018b5f121255f21438bd8a8a5471315a06e7b6fcff3fcb7243f491a60d9e2,2025-10-27T13:28:58,2025-10-27T13:29:37.881763,39140
369915dc-7220-43ee-a8eb-74c16d51310a,彭23,Group1,multi_stage,0,A,2025A,patient_203,yes,59,149,10671,0,0,2025-10-27T13:29:09,2025-10-27T13:29:09.405000,"Mozilla/5.0 (Macintosh; Intel Mac OS X 10_15_7) AppleWebKit/537.36 (KHTML, like Gecko) Chrome/141.0.0.0 Safari/537.36",1bd018b5f121255f21438bd8a8a5471315a06e7b6fcff3fcb7243f491a60d9e2,2025-10-27T13:28:58,2025-10-27T13:29:37.881763,39140
369915dc-7220-43ee-a8eb-74c16d51310a,彭23,Group1,multi_stage,0,A,2025A,patient_204,yes,60,101,10805,0,0,2025-10-27T13:29:09,2025-10-27T13:29:09.539000,"Mozilla/5.0 (Macintosh; Intel Mac OS X 10_15_7) AppleWebKit/537.36 (KHTML, like Gecko) Chrome/141.0.0.0 Safari/537.36",1bd018b5f121255f21438bd8a8a5471315a06e7b6fcff3fcb7243f491a60d9e2,2025-10-27T13:28:58,2025-10-27T13:29:37.881763,39140
369915dc-7220-43ee-a8eb-74c16d51310a,彭23,Group1,multi_stage,0,A,2025A,patient_21,yes,61,101,10938,0,0,2025-10-27T13:29:09,2025-10-27T13:29:09.672000,"Mozilla/5.0 (Macintosh; Intel Mac OS X 10_15_7) AppleWebKit/537.36 (KHTML, like Gecko) Chrome/141.0.0.0 Safari/537.36",1bd018b5f121255f21438bd8a8a5471315a06e7b6fcff3fcb7243f491a60d9e2,2025-10-27T13:28:58,2025-10-27T13:29:37.881763,39140
369915dc-7220-43ee-a8eb-74c16d51310a,彭23,Group1,multi_stage,0,A,2025A,patient_24,yes,62,124,11094,0,0,2025-10-27T13:29:09,2025-10-27T13:29:09.828000,"Mozilla/5.0 (Macintosh; Intel Mac OS X 10_15_7) AppleWebKit/537.36 (KHTML, like Gecko) Chrome/141.0.0.0 Safari/537.36",1bd018b5f121255f21438bd8a8a5471315a06e7b6fcff3fcb7243f491a60d9e2,2025-10-27T13:28:58,2025-10-27T13:29:37.881763,39140
369915dc-7220-43ee-a8eb-74c16d51310a,彭23,Group1,multi_stage,0,A,2025A,patient_27,yes,63,130,11238,0,0,2025-10-27T13:29:09,2025-10-27T13:29:09.972000,"Mozilla/5.0 (Macintosh; Intel Mac OS X 10_15_7) AppleWebKit/537.36 (KHTML, like Gecko) Chrome/141.0.0.0 Safari/537.36",1bd018b5f121255f21438bd8a8a5471315a06e7b6fcff3fcb7243f491a60d9e2,2025-10-27T13:28:58,2025-10-27T13:29:37.881763,39140
369915dc-7220-43ee-a8eb-74c16d51310a,彭23,Group1,multi_stage,0,A,2025A,patient_29,yes,64,101,11371,0,0,2025-10-27T13:29:10,2025-10-27T13:29:10.105000,"Mozilla/5.0 (Macintosh; Intel Mac OS X 10_15_7) AppleWebKit/537.36 (KHTML, like Gecko) Chrome/141.0.0.0 Safari/537.36",1bd018b5f121255f21438bd8a8a5471315a06e7b6fcff3fcb7243f491a60d9e2,2025-10-27T13:28:58,2025-10-27T13:29:37.881763,39140
369915dc-7220-43ee-a8eb-74c16d51310a,彭23,Group1,multi_stage,0,A,2025A,patient_3,yes,65,134,11538,0,0,2025-10-27T13:29:10,2025-10-27T13:29:10.272000,"Mozilla/5.0 (Macintosh; Intel Mac OS X 10_15_7) AppleWebKit/537.36 (KHTML, like Gecko) Chrome/141.0.0.0 Safari/537.36",1bd018b5f121255f21438bd8a8a5471315a06e7b6fcff3fcb7243f491a60d9e2,2025-10-27T13:28:58,2025-10-27T13:29:37.881763,39140
369915dc-7220-43ee-a8eb-74c16d51310a,彭23,Group1,multi_stage,0,A,2025A,patient_31,yes,66,101,11671,0,0,2025-10-27T13:29:10,2025-10-27T13:29:10.405000,"Mozilla/5.0 (Macintosh; Intel Mac OS X 10_15_7) AppleWebKit/537.36 (KHTML, like Gecko) Chrome/141.0.0.0 Safari/537.36",1bd018b5f121255f21438bd8a8a5471315a06e7b6fcff3fcb7243f491a60d9e2,2025-10-27T13:28:58,2025-10-27T13:29:37.881763,39140
369915dc-7220-43ee-a8eb-74c16d51310a,彭23,Group1,multi_stage,0,A,2025A,patient_36,yes,67,102,11805,0,0,2025-10-27T13:29:10,2025-10-27T13:29:10.539000,"Mozilla/5.0 (Macintosh; Intel Mac OS X 10_15_7) AppleWebKit/537.36 (KHTML, like Gecko) Chrome/141.0.0.0 Safari/537.36",1bd018b5f121255f21438bd8a8a5471315a06e7b6fcff3fcb7243f491a60d9e2,2025-10-27T13:28:58,2025-10-27T13:29:37.881763,39140
369915dc-7220-43ee-a8eb-74c16d51310a,彭23,Group1,multi_stage,0,A,2025A,patient_37,yes,68,134,11971,0,0,2025-10-27T13:29:10,2025-10-27T13:29:10.705000,"Mozilla/5.0 (Macintosh; Intel Mac OS X 10_15_7) AppleWebKit/537.36 (KHTML, like Gecko) Chrome/141.0.0.0 Safari/537.36",1bd018b5f121255f21438bd8a8a5471315a06e7b6fcff3fcb7243f491a60d9e2,2025-10-27T13:28:58,2025-10-27T13:29:37.881763,39140
369915dc-7220-43ee-a8eb-74c16d51310a,彭23,Group1,multi_stage,0,A,2025A,patient_4,yes,69,101,12105,0,0,2025-10-27T13:29:10,2025-10-27T13:29:10.839000,"Mozilla/5.0 (Macintosh; Intel Mac OS X 10_15_7) AppleWebKit/537.36 (KHTML, like Gecko) Chrome/141.0.0.0 Safari/537.36",1bd018b5f121255f21438bd8a8a5471315a06e7b6fcff3fcb7243f491a60d9e2,2025-10-27T13:28:58,2025-10-27T13:29:37.881763,39140
369915dc-7220-43ee-a8eb-74c16d51310a,彭23,Group1,multi_stage,0,A,2025A,patient_40,yes,70,101,12238,0,0,2025-10-27T13:29:10,2025-10-27T13:29:10.972000,"Mozilla/5.0 (Macintosh; Intel Mac OS X 10_15_7) AppleWebKit/537.36 (KHTML, like Gecko) Chrome/141.0.0.0 Safari/537.36",1bd018b5f121255f21438bd8a8a5471315a06e7b6fcff3fcb7243f491a60d9e2,2025-10-27T13:28:58,2025-10-27T13:29:37.881763,39140
369915dc-7220-43ee-a8eb-74c16d51310a,彭23,Group1,multi_stage,0,A,2025A,patient_44,yes,71,135,12405,0,0,2025-10-27T13:29:11,2025-10-27T13:29:11.139000,"Mozilla/5.0 (Macintosh; Intel Mac OS X 10_15_7) AppleWebKit/537.36 (KHTML, like Gecko) Chrome/141.0.0.0 Safari/537.36",1bd018b5f121255f21438bd8a8a5471315a06e7b6fcff3fcb7243f491a60d9e2,2025-10-27T13:28:58,2025-10-27T13:29:37.881763,39140
369915dc-7220-43ee-a8eb-74c16d51310a,彭23,Group1,multi_stage,0,A,2025A,patient_47,yes,72,268,12705,0,0,2025-10-27T13:29:11,2025-10-27T13:29:11.439000,"Mozilla/5.0 (Macintosh; Intel Mac OS X 10_15_7) AppleWebKit/537.36 (KHTML, like Gecko) Chrome/141.0.0.0 Safari/537.36",1bd018b5f121255f21438bd8a8a5471315a06e7b6fcff3fcb7243f491a60d9e2,2025-10-27T13:28:58,2025-10-27T13:29:37.881763,39140
369915dc-7220-43ee-a8eb-74c16d51310a,彭23,Group1,multi_stage,0,A,2025A,patient_48,yes,73,135,12872,0,0,2025-10-27T13:29:11,2025-10-27T13:29:11.606000,"Mozilla/5.0 (Macintosh; Intel Mac OS X 10_15_7) AppleWebKit/537.36 (KHTML, like Gecko) Chrome/141.0.0.0 Safari/537.36",1bd018b5f121255f21438bd8a8a5471315a06e7b6fcff3fcb7243f491a60d9e2,2025-10-27T13:28:58,2025-10-27T13:29:37.881763,39140
369915dc-7220-43ee-a8eb-74c16d51310a,彭23,Group1,multi_stage,0,A,2025A,patient_50,yes,74,134,13038,0,0,2025-10-27T13:29:11,2025-10-27T13:29:11.772000,"Mozilla/5.0 (Macintosh; Intel Mac OS X 10_15_7) AppleWebKit/537.36 (KHTML, like Gecko) Chrome/141.0.0.0 Safari/537.36",1bd018b5f121255f21438bd8a8a5471315a06e7b6fcff3fcb7243f491a60d9e2,2025-10-27T13:28:58,2025-10-27T13:29:37.881763,39140
369915dc-7220-43ee-a8eb-74c16d51310a,彭23,Group1,multi_stage,0,A,2025A,patient_51,yes,75,234,13305,0,0,2025-10-27T13:29:12,2025-10-27T13:29:12.039000,"Mozilla/5.0 (Macintosh; Intel Mac OS X 10_15_7) AppleWebKit/537.36 (KHTML, like Gecko) Chrome/141.0.0.0 Safari/537.36",1bd018b5f121255f21438bd8a8a5471315a06e7b6fcff3fcb7243f491a60d9e2,2025-10-27T13:28:58,2025-10-27T13:29:37.881763,39140
369915dc-7220-43ee-a8eb-74c16d51310a,彭23,Group1,multi_stage,0,A,2025A,patient_52,yes,76,137,13505,0,0,2025-10-27T13:29:12,2025-10-27T13:29:12.239000,"Mozilla/5.0 (Macintosh; Intel Mac OS X 10_15_7) AppleWebKit/537.36 (KHTML, like Gecko) Chrome/141.0.0.0 Safari/537.36",1bd018b5f121255f21438bd8a8a5471315a06e7b6fcff3fcb7243f491a60d9e2,2025-10-27T13:28:58,2025-10-27T13:29:37.881763,39140
369915dc-7220-43ee-a8eb-74c16d51310a,彭23,Group1,multi_stage,0,A,2025A,patient_53,yes,77,234,13772,0,0,2025-10-27T13:29:12,2025-10-27T13:29:12.506000,"Mozilla/5.0 (Macintosh; Intel Mac OS X 10_15_7) AppleWebKit/537.36 (KHTML, like Gecko) Chrome/141.0.0.0 Safari/537.36",1bd018b5f121255f21438bd8a8a5471315a06e7b6fcff3fcb7243f491a60d9e2,2025-10-27T13:28:58,2025-10-27T13:29:37.881763,39140
369915dc-7220-43ee-a8eb-74c16d51310a,彭23,Group1,multi_stage,0,A,2025A,patient_55,yes,78,167,13972,0,0,2025-10-27T13:29:12,2025-10-27T13:29:12.706000,"Mozilla/5.0 (Macintosh; Intel Mac OS X 10_15_7) AppleWebKit/537.36 (KHTML, like Gecko) Chrome/141.0.0.0 Safari/537.36",1bd018b5f121255f21438bd8a8a5471315a06e7b6fcff3fcb7243f491a60d9e2,2025-10-27T13:28:58,2025-10-27T13:29:37.881763,39140
369915dc-7220-43ee-a8eb-74c16d51310a,彭23,Group1,multi_stage,0,A,2025A,patient_56,yes,79,133,14138,0,0,2025-10-27T13:29:12,2025-10-27T13:29:12.872000,"Mozilla/5.0 (Macintosh; Intel Mac OS X 10_15_7) AppleWebKit/537.36 (KHTML, like Gecko) Chrome/141.0.0.0 Safari/537.36",1bd018b5f121255f21438bd8a8a5471315a06e7b6fcff3fcb7243f491a60d9e2,2025-10-27T13:28:58,2025-10-27T13:29:37.881763,39140
369915dc-7220-43ee-a8eb-74c16d51310a,彭23,Group1,multi_stage,0,A,2025A,patient_57,yes,80,101,14272,0,0,2025-10-27T13:29:13,2025-10-27T13:29:13.006000,"Mozilla/5.0 (Macintosh; Intel Mac OS X 10_15_7) AppleWebKit/537.36 (KHTML, like Gecko) Chrome/141.0.0.0 Safari/537.36",1bd018b5f121255f21438bd8a8a5471315a06e7b6fcff3fcb7243f491a60d9e2,2025-10-27T13:28:58,2025-10-27T13:29:37.881763,39140
369915dc-7220-43ee-a8eb-74c16d51310a,彭23,Group1,multi_stage,0,A,2025A,patient_58,yes,81,134,14438,0,0,2025-10-27T13:29:13,2025-10-27T13:29:13.172000,"Mozilla/5.0 (Macintosh; Intel Mac OS X 10_15_7) AppleWebKit/537.36 (KHTML, like Gecko) Chrome/141.0.0.0 Safari/537.36",1bd018b5f121255f21438bd8a8a5471315a06e7b6fcff3fcb7243f491a60d9e2,2025-10-27T13:28:58,2025-10-27T13:29:37.881763,39140
369915dc-7220-43ee-a8eb-74c16d51310a,彭23,Group1,multi_stage,0,A,2025A,patient_60,yes,82,134,14605,0,0,2025-10-27T13:29:13,2025-10-27T13:29:13.339000,"Mozilla/5.0 (Macintosh; Intel Mac OS X 10_15_7) AppleWebKit/537.36 (KHTML, like Gecko) Chrome/141.0.0.0 Safari/537.36",1bd018b5f121255f21438bd8a8a5471315a06e7b6fcff3fcb7243f491a60d9e2,2025-10-27T13:28:58,2025-10-27T13:29:37.881763,39140
369915dc-7220-43ee-a8eb-74c16d51310a,彭23,Group1,multi_stage,0,A,2025A,patient_62,yes,83,134,14771,0,0,2025-10-27T13:29:13,2025-10-27T13:29:13.505000,"Mozilla/5.0 (Macintosh; Intel Mac OS X 10_15_7) AppleWebKit/537.36 (KHTML, like Gecko) Chrome/141.0.0.0 Safari/537.36",1bd018b5f121255f21438bd8a8a5471315a06e7b6fcff3fcb7243f491a60d9e2,2025-10-27T13:28:58,2025-10-27T13:29:37.881763,39140
369915dc-7220-43ee-a8eb-74c16d51310a,彭23,Group1,multi_stage,0,A,2025A,patient_66,yes,84,134,14938,0,0,2025-10-27T13:29:13,2025-10-27T13:29:13.672000,"Mozilla/5.0 (Macintosh; Intel Mac OS X 10_15_7) AppleWebKit/537.36 (KHTML, like Gecko) Chrome/141.0.0.0 Safari/537.36",1bd018b5f121255f21438bd8a8a5471315a06e7b6fcff3fcb7243f491a60d9e2,2025-10-27T13:28:58,2025-10-27T13:29:37.881763,39140
369915dc-7220-43ee-a8eb-74c16d51310a,彭23,Group1,multi_stage,0,A,2025A,patient_67,yes,85,100,15071,0,0,2025-10-27T13:29:13,2025-10-27T13:29:13.805000,"Mozilla/5.0 (Macintosh; Intel Mac OS X 10_15_7) AppleWebKit/537.36 (KHTML, like Gecko) Chrome/141.0.0.0 Safari/537.36",1bd018b5f121255f21438bd8a8a5471315a06e7b6fcff3fcb7243f491a60d9e2,2025-10-27T13:28:58,2025-10-27T13:29:37.881763,39140
369915dc-7220-43ee-a8eb-74c16d51310a,彭23,Group1,multi_stage,0,A,2025A,patient_68,yes,86,168,15272,0,0,2025-10-27T13:29:14,2025-10-27T13:29:14.006000,"Mozilla/5.0 (Macintosh; Intel Mac OS X 10_15_7) AppleWebKit/537.36 (KHTML, like Gecko) Chrome/141.0.0.0 Safari/537.36",1bd018b5f121255f21438bd8a8a5471315a06e7b6fcff3fcb7243f491a60d9e2,2025-10-27T13:28:58,2025-10-27T13:29:37.881763,39140
369915dc-7220-43ee-a8eb-74c16d51310a,彭23,Group1,multi_stage,0,A,2025A,patient_70,yes,87,124,15428,0,0,2025-10-27T13:29:14,2025-10-27T13:29:14.162000,"Mozilla/5.0 (Macintosh; Intel Mac OS X 10_15_7) AppleWebKit/537.36 (KHTML, like Gecko) Chrome/141.0.0.0 Safari/537.36",1bd018b5f121255f21438bd8a8a5471315a06e7b6fcff3fcb7243f491a60d9e2,2025-10-27T13:28:58,2025-10-27T13:29:37.881763,39140
369915dc-7220-43ee-a8eb-74c16d51310a,彭23,Group1,multi_stage,0,A,2025A,patient_72,yes,88,130,15572,0,0,2025-10-27T13:29:14,2025-10-27T13:29:14.306000,"Mozilla/5.0 (Macintosh; Intel Mac OS X 10_15_7) AppleWebKit/537.36 (KHTML, like Gecko) Chrome/141.0.0.0 Safari/537.36",1bd018b5f121255f21438bd8a8a5471315a06e7b6fcff3fcb7243f491a60d9e2,2025-10-27T13:28:58,2025-10-27T13:29:37.881763,39140
369915dc-7220-43ee-a8eb-74c16d51310a,彭23,Group1,multi_stage,0,A,2025A,patient_73,yes,89,134,15738,0,0,2025-10-27T13:29:14,2025-10-27T13:29:14.472000,"Mozilla/5.0 (Macintosh; Intel Mac OS X 10_15_7) AppleWebKit/537.36 (KHTML, like Gecko) Chrome/141.0.0.0 Safari/537.36",1bd018b5f121255f21438bd8a8a5471315a06e7b6fcff3fcb7243f491a60d9e2,2025-10-27T13:28:58,2025-10-27T13:29:37.881763,39140
369915dc-7220-43ee-a8eb-74c16d51310a,彭23,Group1,multi_stage,0,A,2025A,patient_75,yes,90,134,15905,0,0,2025-10-27T13:29:14,2025-10-27T13:29:14.639000,"Mozilla/5.0 (Macintosh; Intel Mac OS X 10_15_7) AppleWebKit/537.36 (KHTML, like Gecko) Chrome/141.0.0.0 Safari/537.36",1bd018b5f121255f21438bd8a8a5471315a06e7b6fcff3fcb7243f491a60d9e2,2025-10-27T13:28:58,2025-10-27T13:29:37.881763,39140
369915dc-7220-43ee-a8eb-74c16d51310a,彭23,Group1,multi_stage,0,A,2025A,patient_77,yes,91,134,16072,0,0,2025-10-27T13:29:14,2025-10-27T13:29:14.806000,"Mozilla/5.0 (Macintosh; Intel Mac OS X 10_15_7) AppleWebKit/537.36 (KHTML, like Gecko) Chrome/141.0.0.0 Safari/537.36",1bd018b5f121255f21438bd8a8a5471315a06e7b6fcff3fcb7243f491a60d9e2,2025-10-27T13:28:58,2025-10-27T13:29:37.881763,39140
369915dc-7220-43ee-a8eb-74c16d51310a,彭23,Group1,multi_stage,0,A,2025A,patient_8,yes,92,134,16238,0,0,2025-10-27T13:29:14,2025-10-27T13:29:14.972000,"Mozilla/5.0 (Macintosh; Intel Mac OS X 10_15_7) AppleWebKit/537.36 (KHTML, like Gecko) Chrome/141.0.0.0 Safari/537.36",1bd018b5f121255f21438bd8a8a5471315a06e7b6fcff3fcb7243f491a60d9e2,2025-10-27T13:28:58,2025-10-27T13:29:37.881763,39140
369915dc-7220-43ee-a8eb-74c16d51310a,彭23,Group1,multi_stage,0,A,2025A,patient_80,yes,93,134,16405,0,0,2025-10-27T13:29:15,2025-10-27T13:29:15.139000,"Mozilla/5.0 (Macintosh; Intel Mac OS X 10_15_7) AppleWebKit/537.36 (KHTML, like Gecko) Chrome/141.0.0.0 Safari/537.36",1bd018b5f121255f21438bd8a8a5471315a06e7b6fcff3fcb7243f491a60d9e2,2025-10-27T13:28:58,2025-10-27T13:29:37.881763,39140
369915dc-7220-43ee-a8eb-74c16d51310a,彭23,Group1,multi_stage,0,A,2025A,patient_81,yes,94,134,16571,0,0,2025-10-27T13:29:15,2025-10-27T13:29:15.305000,"Mozilla/5.0 (Macintosh; Intel Mac OS X 10_15_7) AppleWebKit/537.36 (KHTML, like Gecko) Chrome/141.0.0.0 Safari/537.36",1bd018b5f121255f21438bd8a8a5471315a06e7b6fcff3fcb7243f491a60d9e2,2025-10-27T13:28:58,2025-10-27T13:29:37.881763,39140
369915dc-7220-43ee-a8eb-74c16d51310a,彭23,Group1,multi_stage,0,A,2025A,patient_83,yes,95,134,16738,0,0,2025-10-27T13:29:15,2025-10-27T13:29:15.472000,"Mozilla/5.0 (Macintosh; Intel Mac OS X 10_15_7) AppleWebKit/537.36 (KHTML, like Gecko) Chrome/141.0.0.0 Safari/537.36",1bd018b5f121255f21438bd8a8a5471315a06e7b6fcff3fcb7243f491a60d9e2,2025-10-27T13:28:58,2025-10-27T13:29:37.881763,39140
369915dc-7220-43ee-a8eb-74c16d51310a,彭23,Group1,multi_stage,0,A,2025A,patient_84,yes,96,100,16871,0,0,2025-10-27T13:29:15,2025-10-27T13:29:15.605000,"Mozilla/5.0 (Macintosh; Intel Mac OS X 10_15_7) AppleWebKit/537.36 (KHTML, like Gecko) Chrome/141.0.0.0 Safari/537.36",1bd018b5f121255f21438bd8a8a5471315a06e7b6fcff3fcb7243f491a60d9e2,2025-10-27T13:28:58,2025-10-27T13:29:37.881763,39140
369915dc-7220-43ee-a8eb-74c16d51310a,彭23,Group1,multi_stage,0,A,2025A,patient_89,yes,97,168,17072,0,0,2025-10-27T13:29:15,2025-10-27T13:29:15.806000,"Mozilla/5.0 (Macintosh; Intel Mac OS X 10_15_7) AppleWebKit/537.36 (KHTML, like Gecko) Chrome/141.0.0.0 Safari/537.36",1bd018b5f121255f21438bd8a8a5471315a06e7b6fcff3fcb7243f491a60d9e2,2025-10-27T13:28:58,2025-10-27T13:29:37.881763,39140
369915dc-7220-43ee-a8eb-74c16d51310a,彭23,Group1,multi_stage,0,A,2025A,patient_92,yes,98,134,17238,0,0,2025-10-27T13:29:15,2025-10-27T13:29:15.972000,"Mozilla/5.0 (Macintosh; Intel Mac OS X 10_15_7) AppleWebKit/537.36 (KHTML, like Gecko) Chrome/141.0.0.0 Safari/537.36",1bd018b5f121255f21438bd8a8a5471315a06e7b6fcff3fcb7243f491a60d9e2,2025-10-27T13:28:58,2025-10-27T13:29:37.881763,39140
369915dc-7220-43ee-a8eb-74c16d51310a,彭23,Group1,multi_stage,0,A,2025A,patient_93,yes,99,134,17405,0,0,2025-10-27T13:29:16,2025-10-27T13:29:16.139000,"Mozilla/5.0 (Macintosh; Intel Mac OS X 10_15_7) AppleWebKit/537.36 (KHTML, like Gecko) Chrome/141.0.0.0 Safari/537.36",1bd018b5f121255f21438bd8a8a5471315a06e7b6fcff3fcb7243f491a60d9e2,2025-10-27T13:28:58,2025-10-27T13:29:37.881763,39140
369915dc-7220-43ee-a8eb-74c16d51310a,彭23,Group1,multi_stage,0,A,2025A,patient_94,yes,100,101,17538,0,0,2025-10-27T13:29:16,2025-10-27T13:29:16.272000,"Mozilla/5.0 (Macintosh; Intel Mac OS X 10_15_7) AppleWebKit/537.36 (KHTML, like Gecko) Chrome/141.0.0.0 Safari/537.36",1bd018b5f121255f21438bd8a8a5471315a06e7b6fcff3fcb7243f491a60d9e2,2025-10-27T13:28:58,2025-10-27T13:29:37.881763,39140
369915dc-7220-43ee-a8eb-74c16d51310a,彭23,Group1,multi_stage,0,A,2025A,patient_95,yes,101,134,17705,0,0,2025-10-27T13:29:16,2025-10-27T13:29:16.439000,"Mozilla/5.0 (Macintosh; Intel Mac OS X 10_15_7) AppleWebKit/537.36 (KHTML, like Gecko) Chrome/141.0.0.0 Safari/537.36",1bd018b5f121255f21438bd8a8a5471315a06e7b6fcff3fcb7243f491a60d9e2,2025-10-27T13:28:58,2025-10-27T13:29:37.881763,39140
369915dc-7220-43ee-a8eb-74c16d51310a,彭23,Group1,multi_stage,0,A,2025A,patient_98,yes,102,133,17871,0,0,2025-10-27T13:29:16,2025-10-27T13:29:16.605000,"Mozilla/5.0 (Macintosh; Intel Mac OS X 10_15_7) AppleWebKit/537.36 (KHTML, like Gecko) Chrome/141.0.0.0 Safari/537.36",1bd018b5f121255f21438bd8a8a5471315a06e7b6fcff3fcb7243f491a60d9e2,2025-10-27T13:28:58,2025-10-27T13:29:37.881763,39140
369915dc-7220-43ee-a8eb-74c16d51310a,彭23,Group1,multi_stage,1,B,2025A,sample_137_combined,yes,103,2768,20672,0,0,2025-10-27T13:29:19,2025-10-27T13:29:19.406000,"Mozilla/5.0 (Macintosh; Intel Mac OS X 10_15_7) AppleWebKit/537.36 (KHTML, like Gecko) Chrome/141.0.0.0 Safari/537.36",1bd018b5f121255f21438bd8a8a5471315a06e7b6fcff3fcb7243f491a60d9e2,2025-10-27T13:28:58,2025-10-27T13:29:37.881763,39140
369915dc-7220-43ee-a8eb-74c16d51310a,彭23,Group1,multi_stage,1,B,2025A,sample_179_combined,yes,104,133,20839,0,0,2025-10-27T13:29:19,2025-10-27T13:29:19.573000,"Mozilla/5.0 (Macintosh; Intel Mac OS X 10_15_7) AppleWebKit/537.36 (KHTML, like Gecko) Chrome/141.0.0.0 Safari/537.36",1bd018b5f121255f21438bd8a8a5471315a06e7b6fcff3fcb7243f491a60d9e2,2025-10-27T13:28:58,2025-10-27T13:29:37.881763,39140
369915dc-7220-43ee-a8eb-74c16d51310a,彭23,Group1,multi_stage,1,B,2025A,sample_038_combined,yes,105,100,20972,0,0,2025-10-27T13:29:19,2025-10-27T13:29:19.706000,"Mozilla/5.0 (Macintosh; Intel Mac OS X 10_15_7) AppleWebKit/537.36 (KHTML, like Gecko) Chrome/141.0.0.0 Safari/537.36",1bd018b5f121255f21438bd8a8a5471315a06e7b6fcff3fcb7243f491a60d9e2,2025-10-27T13:28:58,2025-10-27T13:29:37.881763,39140
369915dc-7220-43ee-a8eb-74c16d51310a,彭23,Group1,multi_stage,1,B,2025A,sample_160_combined,yes,106,135,21139,0,0,2025-10-27T13:29:19,2025-10-27T13:29:19.873000,"Mozilla/5.0 (Macintosh; Intel Mac OS X 10_15_7) AppleWebKit/537.36 (KHTML, like Gecko) Chrome/141.0.0.0 Safari/537.36",1bd018b5f121255f21438bd8a8a5471315a06e7b6fcff3fcb7243f491a60d9e2,2025-10-27T13:28:58,2025-10-27T13:29:37.881763,39140
369915dc-7220-43ee-a8eb-74c16d51310a,彭23,Group1,multi_stage,1,B,2025A,sample_147_combined,yes,107,132,21305,0,0,2025-10-27T13:29:20,2025-10-27T13:29:20.039000,"Mozilla/5.0 (Macintosh; Intel Mac OS X 10_15_7) AppleWebKit/537.36 (KHTML, like Gecko) Chrome/141.0.0.0 Safari/537.36",1bd018b5f121255f21438bd8a8a5471315a06e7b6fcff3fcb7243f491a60d9e2,2025-10-27T13:28:58,2025-10-27T13:29:37.881763,39140
369915dc-7220-43ee-a8eb-74c16d51310a,彭23,Group1,multi_stage,1,B,2025A,sample_128_combined,yes,108,100,21438,0,0,2025-10-27T13:29:20,2025-10-27T13:29:20.172000,"Mozilla/5.0 (Macintosh; Intel Mac OS X 10_15_7) AppleWebKit/537.36 (KHTML, like Gecko) Chrome/141.0.0.0 Safari/537.36",1bd018b5f121255f21438bd8a8a5471315a06e7b6fcff3fcb7243f491a60d9e2,2025-10-27T13:28:58,2025-10-27T13:29:37.881763,39140
369915dc-7220-43ee-a8eb-74c16d51310a,彭23,Group1,multi_stage,1,B,2025A,sample_010_combined,yes,109,133,21605,0,0,2025-10-27T13:29:20,2025-10-27T13:29:20.339000,"Mozilla/5.0 (Macintosh; Intel Mac OS X 10_15_7) AppleWebKit/537.36 (KHTML, like Gecko) Chrome/141.0.0.0 Safari/537.36",1bd018b5f121255f21438bd8a8a5471315a06e7b6fcff3fcb7243f491a60d9e2,2025-10-27T13:28:58,2025-10-27T13:29:37.881763,39140
369915dc-7220-43ee-a8eb-74c16d51310a,彭23,Group1,multi_stage,1,B,2025A,sample_041_combined,yes,110,134,21772,0,0,2025-10-27T13:29:20,2025-10-27T13:29:20.506000,"Mozilla/5.0 (Macintosh; Intel Mac OS X 10_15_7) AppleWebKit/537.36 (KHTML, like Gecko) Chrome/141.0.0.0 Safari/537.36",1bd018b5f121255f21438bd8a8a5471315a06e7b6fcff3fcb7243f491a60d9e2,2025-10-27T13:28:58,2025-10-27T13:29:37.881763,39140
369915dc-7220-43ee-a8eb-74c16d51310a,彭23,Group1,multi_stage,1,B,2025A,sample_161_combined,yes,111,133,21938,0,0,2025-10-27T13:29:20,2025-10-27T13:29:20.672000,"Mozilla/5.0 (Macintosh; Intel Mac OS X 10_15_7) AppleWebKit/537.36 (KHTML, like Gecko) Chrome/141.0.0.0 Safari/537.36",1bd018b5f121255f21438bd8a8a5471315a06e7b6fcff3fcb7243f491a60d9e2,2025-10-27T13:28:58,2025-10-27T13:29:37.881763,39140
369915dc-7220-43ee-a8eb-74c16d51310a,彭23,Group1,multi_stage,1,B,2025A,sample_076_combined,yes,112,101,22072,0,0,2025-10-27T13:29:20,2025-10-27T13:29:20.806000,"Mozilla/5.0 (Macintosh; Intel Mac OS X 10_15_7) AppleWebKit/537.36 (KHTML, like Gecko) Chrome/141.0.0.0 Safari/537.36",1bd018b5f121255f21438bd8a8a5471315a06e7b6fcff3fcb7243f491a60d9e2,2025-10-27T13:28:58,2025-10-27T13:29:37.881763,39140
369915dc-7220-43ee-a8eb-74c16d51310a,彭23,Group1,multi_stage,1,B,2025A,sample_171_combined,yes,113,134,22239,0,0,2025-10-27T13:29:20,2025-10-27T13:29:20.973000,"Mozilla/5.0 (Macintosh; Intel Mac OS X 10_15_7) AppleWebKit/537.36 (KHTML, like Gecko) Chrome/141.0.0.0 Safari/537.36",1bd018b5f121255f21438bd8a8a5471315a06e7b6fcff3fcb7243f491a60d9e2,2025-10-27T13:28:58,2025-10-27T13:29:37.881763,39140
369915dc-7220-43ee-a8eb-74c16d51310a,彭23,Group1,multi_stage,1,B,2025A,sample_063_combined,yes,114,133,22405,0,0,2025-10-27T13:29:21,2025-10-27T13:29:21.139000,"Mozilla/5.0 (Macintosh; Intel Mac OS X 10_15_7) AppleWebKit/537.36 (KHTML, like Gecko) Chrome/141.0.0.0 Safari/537.36",1bd018b5f121255f21438bd8a8a5471315a06e7b6fcff3fcb7243f491a60d9e2,2025-10-27T13:28:58,2025-10-27T13:29:37.881763,39140
369915dc-7220-43ee-a8eb-74c16d51310a,彭23,Group1,multi_stage,1,B,2025A,sample_163_combined,yes,115,134,22572,0,0,2025-10-27T13:29:21,2025-10-27T13:29:21.306000,"Mozilla/5.0 (Macintosh; Intel Mac OS X 10_15_7) AppleWebKit/537.36 (KHTML, like Gecko) Chrome/141.0.0.0 Safari/537.36",1bd018b5f121255f21438bd8a8a5471315a06e7b6fcff3fcb7243f491a60d9e2,2025-10-27T13:28:58,2025-10-27T13:29:37.881763,39140
369915dc-7220-43ee-a8eb-74c16d51310a,彭23,Group1,multi_stage,1,B,2025A,sample_154_combined,yes,116,132,22738,0,0,2025-10-27T13:29:21,2025-10-27T13:29:21.472000,"Mozilla/5.0 (Macintosh; Intel Mac OS X 10_15_7) AppleWebKit/537.36 (KHTML, like Gecko) Chrome/141.0.0.0 Safari/537.36",1bd018b5f121255f21438bd8a8a5471315a06e7b6fcff3fcb7243f491a60d9e2,2025-10-27T13:28:58,2025-10-27T13:29:37.881763,39140
369915dc-7220-43ee-a8eb-74c16d51310a,彭23,Group1,multi_stage,1,B,2025A,sample_097_combined,yes,117,100,22872,0,0,2025-10-27T13:29:21,2025-10-27T13:29:21.606000,"Mozilla/5.0 (Macintosh; Intel Mac OS X 10_15_7) AppleWebKit/537.36 (KHTML, like Gecko) Chrome/141.0.0.0 Safari/537.36",1bd018b5f121255f21438bd8a8a5471315a06e7b6fcff3fcb7243f491a60d9e2,2025-10-27T13:28:58,2025-10-27T13:29:37.881763,39140
369915dc-7220-43ee-a8eb-74c16d51310a,彭23,Group1,multi_stage,1,B,2025A,sample_143_combined,yes,118,133,23038,0,0,2025-10-27T13:29:21,2025-10-27T13:29:21.772000,"Mozilla/5.0 (Macintosh; Intel Mac OS X 10_15_7) AppleWebKit/537.36 (KHTML, like Gecko) Chrome/141.0.0.0 Safari/537.36",1bd018b5f121255f21438bd8a8a5471315a06e7b6fcff3fcb7243f491a60d9e2,2025-10-27T13:28:58,2025-10-27T13:29:37.881763,39140
369915dc-7220-43ee-a8eb-74c16d51310a,彭23,Group1,multi_stage,1,B,2025A,sample_086_combined,yes,119,133,23206,0,0,2025-10-27T13:29:21,2025-10-27T13:29:21.940000,"Mozilla/5.0 (Macintosh; Intel Mac OS X 10_15_7) AppleWebKit/537.36 (KHTML, like Gecko) Chrome/141.0.0.0 Safari/537.36",1bd018b5f121255f21438bd8a8a5471315a06e7b6fcff3fcb7243f491a60d9e2,2025-10-27T13:28:58,2025-10-27T13:29:37.881763,39140
369915dc-7220-43ee-a8eb-74c16d51310a,彭23,Group1,multi_stage,1,B,2025A,sample_173_combined,yes,120,132,23371,0,0,2025-10-27T13:29:22,2025-10-27T13:29:22.105000,"Mozilla/5.0 (Macintosh; Intel Mac OS X 10_15_7) AppleWebKit/537.36 (KHTML, like Gecko) Chrome/141.0.0.0 Safari/537.36",1bd018b5f121255f21438bd8a8a5471315a06e7b6fcff3fcb7243f491a60d9e2,2025-10-27T13:28:58,2025-10-27T13:29:37.881763,39140
369915dc-7220-43ee-a8eb-74c16d51310a,彭23,Group1,multi_stage,1,B,2025A,sample_096_combined,yes,121,101,23505,0,0,2025-10-27T13:29:22,2025-10-27T13:29:22.239000,"Mozilla/5.0 (Macintosh; Intel Mac OS X 10_15_7) AppleWebKit/537.36 (KHTML, like Gecko) Chrome/141.0.0.0 Safari/537.36",1bd018b5f121255f21438bd8a8a5471315a06e7b6fcff3fcb7243f491a60d9e2,2025-10-27T13:28:58,2025-10-27T13:29:37.881763,39140
369915dc-7220-43ee-a8eb-74c16d51310a,彭23,Group1,multi_stage,1,B,2025A,sample_030_combined,yes,122,134,23671,0,0,2025-10-27T13:29:22,2025-10-27T13:29:22.405000,"Mozilla/5.0 (Macintosh; Intel Mac OS X 10_15_7) AppleWebKit/537.36 (KHTML, like Gecko) Chrome/141.0.0.0 Safari/537.36",1bd018b5f121255f21438bd8a8a5471315a06e7b6fcff3fcb7243f491a60d9e2,2025-10-27T13:28:58,2025-10-27T13:29:37.881763,39140
369915dc-7220-43ee-a8eb-74c16d51310a,彭23,Group1,multi_stage,1,B,2025A,sample_099_combined,yes,123,134,23838,0,0,2025-10-27T13:29:22,2025-10-27T13:29:22.572000,"Mozilla/5.0 (Macintosh; Intel Mac OS X 10_15_7) AppleWebKit/537.36 (KHTML, like Gecko) Chrome/141.0.0.0 Safari/537.36",1bd018b5f121255f21438bd8a8a5471315a06e7b6fcff3fcb7243f491a60d9e2,2025-10-27T13:28:58,2025-10-27T13:29:37.881763,39140
369915dc-7220-43ee-a8eb-74c16d51310a,彭23,Group1,multi_stage,1,B,2025A,sample_125_combined,yes,124,134,24005,0,0,2025-10-27T13:29:22,2025-10-27T13:29:22.739000,"Mozilla/5.0 (Macintosh; Intel Mac OS X 10_15_7) AppleWebKit/537.36 (KHTML, like Gecko) Chrome/141.0.0.0 Safari/537.36",1bd018b5f121255f21438bd8a8a5471315a06e7b6fcff3fcb7243f491a60d9e2,2025-10-27T13:28:58,2025-10-27T13:29:37.881763,39140
369915dc-7220-43ee-a8eb-74c16d51310a,彭23,Group1,multi_stage,1,B,2025A,sample_045_combined,yes,125,134,24172,0,0,2025-10-27T13:29:22,2025-10-27T13:29:22.906000,"Mozilla/5.0 (Macintosh; Intel Mac OS X 10_15_7) AppleWebKit/537.36 (KHTML, like Gecko) Chrome/141.0.0.0 Safari/537.36",1bd018b5f121255f21438bd8a8a5471315a06e7b6fcff3fcb7243f491a60d9e2,2025-10-27T13:28:58,2025-10-27T13:29:37.881763,39140
369915dc-7220-43ee-a8eb-74c16d51310a,彭23,Group1,multi_stage,1,B,2025A,sample_091_combined,yes,126,134,24339,0,0,2025-10-27T13:29:23,2025-10-27T13:29:23.073000,"Mozilla/5.0 (Macintosh; Intel Mac OS X 10_15_7) AppleWebKit/537.36 (KHTML, like Gecko) Chrome/141.0.0.0 Safari/537.36",1bd018b5f121255f21438bd8a8a5471315a06e7b6fcff3fcb7243f491a60d9e2,2025-10-27T13:28:58,2025-10-27T13:29:37.881763,39140
369915dc-7220-43ee-a8eb-74c16d51310a,彭23,Group1,multi_stage,1,B,2025A,sample_151_combined,yes,127,122,24495,0,0,2025-10-27T13:29:23,2025-10-27T13:29:23.229000,"Mozilla/5.0 (Macintosh; Intel Mac OS X 10_15_7) AppleWebKit/537.36 (KHTML, like Gecko) Chrome/141.0.0.0 Safari/537.36",1bd018b5f121255f21438bd8a8a5471315a06e7b6fcff3fcb7243f491a60d9e2,2025-10-27T13:28:58,2025-10-27T13:29:37.881763,39140
369915dc-7220-43ee-a8eb-74c16d51310a,彭23,Group1,multi_stage,1,B,2025A,sample_087_combined,yes,128,126,24639,0,0,2025-10-27T13:29:23,2025-10-27T13:29:23.373000,"Mozilla/5.0 (Macintosh; Intel Mac OS X 10_15_7) AppleWebKit/537.36 (KHTML, like Gecko) Chrome/141.0.0.0 Safari/537.36",1bd018b5f121255f21438bd8a8a5471315a06e7b6fcff3fcb7243f491a60d9e2,2025-10-27T13:28:58,2025-10-27T13:29:37.881763,39140
369915dc-7220-43ee-a8eb-74c16d51310a,彭23,Group1,multi_stage,1,B,2025A,sample_129_combined,yes,129,133,24805,0,0,2025-10-27T13:29:23,2025-10-27T13:29:23.539000,"Mozilla/5.0 (Macintosh; Intel Mac OS X 10_15_7) AppleWebKit/537.36 (KHTML, like Gecko) Chrome/141.0.0.0 Safari/537.36",1bd018b5f121255f21438bd8a8a5471315a06e7b6fcff3fcb7243f491a60d9e2,2025-10-27T13:28:58,2025-10-27T13:29:37.881763,39140
369915dc-7220-43ee-a8eb-74c16d51310a,彭23,Group1,multi_stage,1,B,2025A,sample_132_combined,yes,130,133,24972,0,0,2025-10-27T13:29:23,2025-10-27T13:29:23.706000,"Mozilla/5.0 (Macintosh; Intel Mac OS X 10_15_7) AppleWebKit/537.36 (KHTML, like Gecko) Chrome/141.0.0.0 Safari/537.36",1bd018b5f121255f21438bd8a8a5471315a06e7b6fcff3fcb7243f491a60d9e2,2025-10-27T13:28:58,2025-10-27T13:29:37.881763,39140
369915dc-7220-43ee-a8eb-74c16d51310a,彭23,Group1,multi_stage,1,B,2025A,sample_141_combined,yes,131,132,25138,0,0,2025-10-27T13:29:23,2025-10-27T13:29:23.872000,"Mozilla/5.0 (Macintosh; Intel Mac OS X 10_15_7) AppleWebKit/537.36 (KHTML, like Gecko) Chrome/141.0.0.0 Safari/537.36",1bd018b5f121255f21438bd8a8a5471315a06e7b6fcff3fcb7243f491a60d9e2,2025-10-27T13:28:58,2025-10-27T13:29:37.881763,39140
369915dc-7220-43ee-a8eb-74c16d51310a,彭23,Group1,multi_stage,1,B,2025A,sample_138_combined,yes,132,100,25272,0,0,2025-10-27T13:29:24,2025-10-27T13:29:24.006000,"Mozilla/5.0 (Macintosh; Intel Mac OS X 10_15_7) AppleWebKit/537.36 (KHTML, like Gecko) Chrome/141.0.0.0 Safari/537.36",1bd018b5f121255f21438bd8a8a5471315a06e7b6fcff3fcb7243f491a60d9e2,2025-10-27T13:28:58,2025-10-27T13:29:37.881763,39140
369915dc-7220-43ee-a8eb-74c16d51310a,彭23,Group1,multi_stage,1,B,2025A,sample_034_combined,yes,133,133,25438,0,0,2025-10-27T13:29:24,2025-10-27T13:29:24.172000,"Mozilla/5.0 (Macintosh; Intel Mac OS X 10_15_7) AppleWebKit/537.36 (KHTML, like Gecko) Chrome/141.0.0.0 Safari/537.36",1bd018b5f121255f21438bd8a8a5471315a06e7b6fcff3fcb7243f491a60d9e2,2025-10-27T13:28:58,2025-10-27T13:29:37.881763,39140
369915dc-7220-43ee-a8eb-74c16d51310a,彭23,Group1,multi_stage,1,B,2025A,sample_059_combined,yes,134,166,25638,0,0,2025-10-27T13:29:24,2025-10-27T13:29:24.372000,"Mozilla/5.0 (Macintosh; Intel Mac OS X 10_15_7) AppleWebKit/537.36 (KHTML, like Gecko) Chrome/141.0.0.0 Safari/537.36",1bd018b5f121255f21438bd8a8a5471315a06e7b6fcff3fcb7243f491a60d9e2,2025-10-27T13:28:58,2025-10-27T13:29:37.881763,39140
369915dc-7220-43ee-a8eb-74c16d51310a,彭23,Group1,multi_stage,1,B,2025A,sample_039_combined,yes,135,99,25771,0,0,2025-10-27T13:29:24,2025-10-27T13:29:24.505000,"Mozilla/5.0 (Macintosh; Intel Mac OS X 10_15_7) AppleWebKit/537.36 (KHTML, like Gecko) Chrome/141.0.0.0 Safari/537.36",1bd018b5f121255f21438bd8a8a5471315a06e7b6fcff3fcb7243f491a60d9e2,2025-10-27T13:28:58,2025-10-27T13:29:37.881763,39140
369915dc-7220-43ee-a8eb-74c16d51310a,彭23,Group1,multi_stage,1,B,2025A,sample_078_combined,yes,136,134,25938,0,0,2025-10-27T13:29:24,2025-10-27T13:29:24.672000,"Mozilla/5.0 (Macintosh; Intel Mac OS X 10_15_7) AppleWebKit/537.36 (KHTML, like Gecko) Chrome/141.0.0.0 Safari/537.36",1bd018b5f121255f21438bd8a8a5471315a06e7b6fcff3fcb7243f491a60d9e2,2025-10-27T13:28:58,2025-10-27T13:29:37.881763,39140
369915dc-7220-43ee-a8eb-74c16d51310a,彭23,Group1,multi_stage,1,B,2025A,sample_134_combined,yes,137,134,26105,0,0,2025-10-27T13:29:24,2025-10-27T13:29:24.839000,"Mozilla/5.0 (Macintosh; Intel Mac OS X 10_15_7) AppleWebKit/537.36 (KHTML, like Gecko) Chrome/141.0.0.0 Safari/537.36",1bd018b5f121255f21438bd8a8a5471315a06e7b6fcff3fcb7243f491a60d9e2,2025-10-27T13:28:58,2025-10-27T13:29:37.881763,39140
369915dc-7220-43ee-a8eb-74c16d51310a,彭23,Group1,multi_stage,1,B,2025A,sample_033_combined,yes,138,168,26305,0,0,2025-10-27T13:29:25,2025-10-27T13:29:25.039000,"Mozilla/5.0 (Macintosh; Intel Mac OS X 10_15_7) AppleWebKit/537.36 (KHTML, like Gecko) Chrome/141.0.0.0 Safari/537.36",1bd018b5f121255f21438bd8a8a5471315a06e7b6fcff3fcb7243f491a60d9e2,2025-10-27T13:28:58,2025-10-27T13:29:37.881763,39140
369915dc-7220-43ee-a8eb-74c16d51310a,彭23,Group1,multi_stage,1,B,2025A,sample_042_combined,yes,139,133,26472,0,0,2025-10-27T13:29:25,2025-10-27T13:29:25.206000,"Mozilla/5.0 (Macintosh; Intel Mac OS X 10_15_7) AppleWebKit/537.36 (KHTML, like Gecko) Chrome/141.0.0.0 Safari/537.36",1bd018b5f121255f21438bd8a8a5471315a06e7b6fcff3fcb7243f491a60d9e2,2025-10-27T13:28:58,2025-10-27T13:29:37.881763,39140
369915dc-7220-43ee-a8eb-74c16d51310a,彭23,Group1,multi_stage,1,B,2025A,sample_011_combined,yes,140,124,26629,0,0,2025-10-27T13:29:25,2025-10-27T13:29:25.363000,"Mozilla/5.0 (Macintosh; Intel Mac OS X 10_15_7) AppleWebKit/537.36 (KHTML, like Gecko) Chrome/141.0.0.0 Safari/537.36",1bd018b5f121255f21438bd8a8a5471315a06e7b6fcff3fcb7243f491a60d9e2,2025-10-27T13:28:58,2025-10-27T13:29:37.881763,39140
369915dc-7220-43ee-a8eb-74c16d51310a,彭23,Group1,multi_stage,1,B,2025A,sample_153_combined,yes,141,124,26771,0,0,2025-10-27T13:29:25,2025-10-27T13:29:25.505000,"Mozilla/5.0 (Macintosh; Intel Mac OS X 10_15_7) AppleWebKit/537.36 (KHTML, like Gecko) Chrome/141.0.0.0 Safari/537.36",1bd018b5f121255f21438bd8a8a5471315a06e7b6fcff3fcb7243f491a60d9e2,2025-10-27T13:28:58,2025-10-27T13:29:37.881763,39140
369915dc-7220-43ee-a8eb-74c16d51310a,彭23,Group1,multi_stage,1,B,2025A,sample_195_combined,yes,142,167,26972,0,0,2025-10-27T13:29:25,2025-10-27T13:29:25.706000,"Mozilla/5.0 (Macintosh; Intel Mac OS X 10_15_7) AppleWebKit/537.36 (KHTML, like Gecko) Chrome/141.0.0.0 Safari/537.36",1bd018b5f121255f21438bd8a8a5471315a06e7b6fcff3fcb7243f491a60d9e2,2025-10-27T13:28:58,2025-10-27T13:29:37.881763,39140
369915dc-7220-43ee-a8eb-74c16d51310a,彭23,Group1,multi_stage,1,B,2025A,sample_026_combined,yes,143,132,27138,0,0,2025-10-27T13:29:25,2025-10-27T13:29:25.872000,"Mozilla/5.0 (Macintosh; Intel Mac OS X 10_15_7) AppleWebKit/537.36 (KHTML, like Gecko) Chrome/141.0.0.0 Safari/537.36",1bd018b5f121255f21438bd8a8a5471315a06e7b6fcff3fcb7243f491a60d9e2,2025-10-27T13:28:58,2025-10-27T13:29:37.881763,39140
369915dc-7220-43ee-a8eb-74c16d51310a,彭23,Group1,multi_stage,1,B,2025A,sample_054_combined,yes,144,123,27296,0,0,2025-10-27T13:29:26,2025-10-27T13:29:26.030000,"Mozilla/5.0 (Macintosh; Intel Mac OS X 10_15_7) AppleWebKit/537.36 (KHTML, like Gecko) Chrome/141.0.0.0 Safari/537.36",1bd018b5f121255f21438bd8a8a5471315a06e7b6fcff3fcb7243f491a60d9e2,2025-10-27T13:28:58,2025-10-27T13:29:37.881763,39140
369915dc-7220-43ee-a8eb-74c16d51310a,彭23,Group1,multi_stage,1,B,2025A,sample_185_combined,yes,145,125,27439,0,0,2025-10-27T13:29:26,2025-10-27T13:29:26.173000,"Mozilla/5.0 (Macintosh; Intel Mac OS X 10_15_7) AppleWebKit/537.36 (KHTML, like Gecko) Chrome/141.0.0.0 Safari/537.36",1bd018b5f121255f21438bd8a8a5471315a06e7b6fcff3fcb7243f491a60d9e2,2025-10-27T13:28:58,2025-10-27T13:29:37.881763,39140
369915dc-7220-43ee-a8eb-74c16d51310a,彭23,Group1,multi_stage,1,B,2025A,sample_164_combined,yes,146,133,27605,0,0,2025-10-27T13:29:26,2025-10-27T13:29:26.339000,"Mozilla/5.0 (Macintosh; Intel Mac OS X 10_15_7) AppleWebKit/537.36 (KHTML, like Gecko) Chrome/141.0.0.0 Safari/537.36",1bd018b5f121255f21438bd8a8a5471315a06e7b6fcff3fcb7243f491a60d9e2,2025-10-27T13:28:58,2025-10-27T13:29:37.881763,39140
369915dc-7220-43ee-a8eb-74c16d51310a,彭23,Group1,multi_stage,1,B,2025A,sample_009_combined,yes,147,166,27805,0,0,2025-10-27T13:29:26,2025-10-27T13:29:26.539000,"Mozilla/5.0 (Macintosh; Intel Mac OS X 10_15_7) AppleWebKit/537.36 (KHTML, like Gecko) Chrome/141.0.0.0 Safari/537.36",1bd018b5f121255f21438bd8a8a5471315a06e7b6fcff3fcb7243f491a60d9e2,2025-10-27T13:28:58,2025-10-27T13:29:37.881763,39140
369915dc-7220-43ee-a8eb-74c16d51310a,彭23,Group1,multi_stage,1,B,2025A,sample_032_combined,yes,148,122,27962,0,0,2025-10-27T13:29:26,2025-10-27T13:29:26.696000,"Mozilla/5.0 (Macintosh; Intel Mac OS X 10_15_7) AppleWebKit/537.36 (KHTML, like Gecko) Chrome/141.0.0.0 Safari/537.36",1bd018b5f121255f21438bd8a8a5471315a06e7b6fcff3fcb7243f491a60d9e2,2025-10-27T13:28:58,2025-10-27T13:29:37.881763,39140
369915dc-7220-43ee-a8eb-74c16d51310a,彭23,Group1,multi_stage,1,B,2025A,sample_106_combined,yes,149,125,28105,0,0,2025-10-27T13:29:26,2025-10-27T13:29:26.839000,"Mozilla/5.0 (Macintosh; Intel Mac OS X 10_15_7) AppleWebKit/537.36 (KHTML, like Gecko) Chrome/141.0.0.0 Safari/537.36",1bd018b5f121255f21438bd8a8a5471315a06e7b6fcff3fcb7243f491a60d9e2,2025-10-27T13:28:58,2025-10-27T13:29:37.881763,39140
369915dc-7220-43ee-a8eb-74c16d51310a,彭23,Group1,multi_stage,1,B,2025A,sample_006_combined,yes,150,133,28272,0,0,2025-10-27T13:29:27,2025-10-27T13:29:27.006000,"Mozilla/5.0 (Macintosh; Intel Mac OS X 10_15_7) AppleWebKit/537.36 (KHTML, like Gecko) Chrome/141.0.0.0 Safari/537.36",1bd018b5f121255f21438bd8a8a5471315a06e7b6fcff3fcb7243f491a60d9e2,2025-10-27T13:28:58,2025-10-27T13:29:37.881763,39140
369915dc-7220-43ee-a8eb-74c16d51310a,彭23,Group1,multi_stage,1,B,2025A,sample_200_combined,yes,151,134,28439,0,0,2025-10-27T13:29:27,2025-10-27T13:29:27.173000,"Mozilla/5.0 (Macintosh; Intel Mac OS X 10_15_7) AppleWebKit/537.36 (KHTML, like Gecko) Chrome/141.0.0.0 Safari/537.36",1bd018b5f121255f21438bd8a8a5471315a06e7b6fcff3fcb7243f491a60d9e2,2025-10-27T13:28:58,2025-10-27T13:29:37.881763,39140
369915dc-7220-43ee-a8eb-74c16d51310a,彭23,Group1,multi_stage,1,B,2025A,sample_085_combined,yes,152,166,28638,0,0,2025-10-27T13:29:27,2025-10-27T13:29:27.372000,"Mozilla/5.0 (Macintosh; Intel Mac OS X 10_15_7) AppleWebKit/537.36 (KHTML, like Gecko) Chrome/141.0.0.0 Safari/537.36",1bd018b5f121255f21438bd8a8a5471315a06e7b6fcff3fcb7243f491a60d9e2,2025-10-27T13:28:58,2025-10-27T13:29:37.881763,39140
369915dc-7220-43ee-a8eb-74c16d51310a,彭23,Group1,multi_stage,1,B,2025A,sample_114_combined,yes,153,100,28772,0,0,2025-10-27T13:29:27,2025-10-27T13:29:27.506000,"Mozilla/5.0 (Macintosh; Intel Mac OS X 10_15_7) AppleWebKit/537.36 (KHTML, like Gecko) Chrome/141.0.0.0 Safari/537.36",1bd018b5f121255f21438bd8a8a5471315a06e7b6fcff3fcb7243f491a60d9e2,2025-10-27T13:28:58,2025-10-27T13:29:37.881763,39140
369915dc-7220-43ee-a8eb-74c16d51310a,彭23,Group1,multi_stage,1,B,2025A,sample_144_combined,yes,154,167,28972,0,0,2025-10-27T13:29:27,2025-10-27T13:29:27.706000,"Mozilla/5.0 (Macintosh; Intel Mac OS X 10_15_7) AppleWebKit/537.36 (KHTML, like Gecko) Chrome/141.0.0.0 Safari/537.36",1bd018b5f121255f21438bd8a8a5471315a06e7b6fcff3fcb7243f491a60d9e2,2025-10-27T13:28:58,2025-10-27T13:29:37.881763,39140
369915dc-7220-43ee-a8eb-74c16d51310a,彭23,Group1,multi_stage,1,B,2025A,sample_049_combined,yes,155,124,29129,0,0,2025-10-27T13:29:27,2025-10-27T13:29:27.863000,"Mozilla/5.0 (Macintosh; Intel Mac OS X 10_15_7) AppleWebKit/537.36 (KHTML, like Gecko) Chrome/141.0.0.0 Safari/537.36",1bd018b5f121255f21438bd8a8a5471315a06e7b6fcff3fcb7243f491a60d9e2,2025-10-27T13:28:58,2025-10-27T13:29:37.881763,39140
369915dc-7220-43ee-a8eb-74c16d51310a,彭23,Group1,multi_stage,1,B,2025A,sample_028_combined,yes,156,259,29405,0,0,2025-10-27T13:29:28,2025-10-27T13:29:28.139000,"Mozilla/5.0 (Macintosh; Intel Mac OS X 10_15_7) AppleWebKit/537.36 (KHTML, like Gecko) Chrome/141.0.0.0 Safari/537.36",1bd018b5f121255f21438bd8a8a5471315a06e7b6fcff3fcb7243f491a60d9e2,2025-10-27T13:28:58,2025-10-27T13:29:37.881763,39140
369915dc-7220-43ee-a8eb-74c16d51310a,彭23,Group1,multi_stage,1,B,2025A,sample_090_combined,yes,157,149,29572,0,0,2025-10-27T13:29:28,2025-10-27T13:29:28.306000,"Mozilla/5.0 (Macintosh; Intel Mac OS X 10_15_7) AppleWebKit/537.36 (KHTML, like Gecko) Chrome/141.0.0.0 Safari/537.36",1bd018b5f121255f21438bd8a8a5471315a06e7b6fcff3fcb7243f491a60d9e2,2025-10-27T13:28:58,2025-10-27T13:29:37.881763,39140
369915dc-7220-43ee-a8eb-74c16d51310a,彭23,Group1,multi_stage,1,B,2025A,sample_103_combined,yes,158,98,29705,0,0,2025-10-27T13:29:28,2025-10-27T13:29:28.439000,"Mozilla/5.0 (Macintosh; Intel Mac OS X 10_15_7) AppleWebKit/537.36 (KHTML, like Gecko) Chrome/141.0.0.0 Safari/537.36",1bd018b5f121255f21438bd8a8a5471315a06e7b6fcff3fcb7243f491a60d9e2,2025-10-27T13:28:58,2025-10-27T13:29:37.881763,39140
369915dc-7220-43ee-a8eb-74c16d51310a,彭23,Group1,multi_stage,1,B,2025A,sample_184_combined,yes,159,133,29871,0,0,2025-10-27T13:29:28,2025-10-27T13:29:28.605000,"Mozilla/5.0 (Macintosh; Intel Mac OS X 10_15_7) AppleWebKit/537.36 (KHTML, like Gecko) Chrome/141.0.0.0 Safari/537.36",1bd018b5f121255f21438bd8a8a5471315a06e7b6fcff3fcb7243f491a60d9e2,2025-10-27T13:28:58,2025-10-27T13:29:37.881763,39140
369915dc-7220-43ee-a8eb-74c16d51310a,彭23,Group1,multi_stage,1,B,2025A,sample_148_combined,yes,160,134,30038,0,0,2025-10-27T13:29:28,2025-10-27T13:29:28.772000,"Mozilla/5.0 (Macintosh; Intel Mac OS X 10_15_7) AppleWebKit/537.36 (KHTML, like Gecko) Chrome/141.0.0.0 Safari/537.36",1bd018b5f121255f21438bd8a8a5471315a06e7b6fcff3fcb7243f491a60d9e2,2025-10-27T13:28:58,2025-10-27T13:29:37.881763,39140
369915dc-7220-43ee-a8eb-74c16d51310a,彭23,Group1,multi_stage,1,B,2025A,sample_020_combined,yes,161,100,30172,0,0,2025-10-27T13:29:28,2025-10-27T13:29:28.906000,"Mozilla/5.0 (Macintosh; Intel Mac OS X 10_15_7) AppleWebKit/537.36 (KHTML, like Gecko) Chrome/141.0.0.0 Safari/537.36",1bd018b5f121255f21438bd8a8a5471315a06e7b6fcff3fcb7243f491a60d9e2,2025-10-27T13:28:58,2025-10-27T13:29:37.881763,39140
369915dc-7220-43ee-a8eb-74c16d51310a,彭23,Group1,multi_stage,1,B,2025A,sample_127_combined,yes,162,133,30338,0,0,2025-10-27T13:29:29,2025-10-27T13:29:29.072000,"Mozilla/5.0 (Macintosh; Intel Mac OS X 10_15_7) AppleWebKit/537.36 (KHTML, like Gecko) Chrome/141.0.0.0 Safari/537.36",1bd018b5f121255f21438bd8a8a5471315a06e7b6fcff3fcb7243f491a60d9e2,2025-10-27T13:28:58,2025-10-27T13:29:37.881763,39140
369915dc-7220-43ee-a8eb-74c16d51310a,彭23,Group1,multi_stage,1,B,2025A,sample_069_combined,yes,163,133,30505,0,0,2025-10-27T13:29:29,2025-10-27T13:29:29.239000,"Mozilla/5.0 (Macintosh; Intel Mac OS X 10_15_7) AppleWebKit/537.36 (KHTML, like Gecko) Chrome/141.0.0.0 Safari/537.36",1bd018b5f121255f21438bd8a8a5471315a06e7b6fcff3fcb7243f491a60d9e2,2025-10-27T13:28:58,2025-10-27T13:29:37.881763,39140
369915dc-7220-43ee-a8eb-74c16d51310a,彭23,Group1,multi_stage,1,B,2025A,sample_124_combined,yes,164,132,30672,0,0,2025-10-27T13:29:29,2025-10-27T13:29:29.406000,"Mozilla/5.0 (Macintosh; Intel Mac OS X 10_15_7) AppleWebKit/537.36 (KHTML, like Gecko) Chrome/141.0.0.0 Safari/537.36",1bd018b5f121255f21438bd8a8a5471315a06e7b6fcff3fcb7243f491a60d9e2,2025-10-27T13:28:58,2025-10-27T13:29:37.881763,39140
369915dc-7220-43ee-a8eb-74c16d51310a,彭23,Group1,multi_stage,1,B,2025A,sample_043_combined,yes,165,133,30838,0,0,2025-10-27T13:29:29,2025-10-27T13:29:29.572000,"Mozilla/5.0 (Macintosh; Intel Mac OS X 10_15_7) AppleWebKit/537.36 (KHTML, like Gecko) Chrome/141.0.0.0 Safari/537.36",1bd018b5f121255f21438bd8a8a5471315a06e7b6fcff3fcb7243f491a60d9e2,2025-10-27T13:28:58,2025-10-27T13:29:37.881763,39140
369915dc-7220-43ee-a8eb-74c16d51310a,彭23,Group1,multi_stage,1,B,2025A,sample_145_combined,yes,166,100,30972,0,0,2025-10-27T13:29:29,2025-10-27T13:29:29.706000,"Mozilla/5.0 (Macintosh; Intel Mac OS X 10_15_7) AppleWebKit/537.36 (KHTML, like Gecko) Chrome/141.0.0.0 Safari/537.36",1bd018b5f121255f21438bd8a8a5471315a06e7b6fcff3fcb7243f491a60d9e2,2025-10-27T13:28:58,2025-10-27T13:29:37.881763,39140
369915dc-7220-43ee-a8eb-74c16d51310a,彭23,Group1,multi_stage,1,B,2025A,sample_025_combined,yes,167,167,31172,0,0,2025-10-27T13:29:29,2025-10-27T13:29:29.906000,"Mozilla/5.0 (Macintosh; Intel Mac OS X 10_15_7) AppleWebKit/537.36 (KHTML, like Gecko) Chrome/141.0.0.0 Safari/537.36",1bd018b5f121255f21438bd8a8a5471315a06e7b6fcff3fcb7243f491a60d9e2,2025-10-27T13:28:58,2025-10-27T13:29:37.881763,39140
369915dc-7220-43ee-a8eb-74c16d51310a,彭23,Group1,multi_stage,1,B,2025A,sample_035_combined,yes,168,132,31338,0,0,2025-10-27T13:29:30,2025-10-27T13:29:30.072000,"Mozilla/5.0 (Macintosh; Intel Mac OS X 10_15_7) AppleWebKit/537.36 (KHTML, like Gecko) Chrome/141.0.0.0 Safari/537.36",1bd018b5f121255f21438bd8a8a5471315a06e7b6fcff3fcb7243f491a60d9e2,2025-10-27T13:28:58,2025-10-27T13:29:37.881763,39140
369915dc-7220-43ee-a8eb-74c16d51310a,彭23,Group1,multi_stage,1,B,2025A,sample_005_combined,yes,169,134,31505,0,0,2025-10-27T13:29:30,2025-10-27T13:29:30.239000,"Mozilla/5.0 (Macintosh; Intel Mac OS X 10_15_7) AppleWebKit/537.36 (KHTML, like Gecko) Chrome/141.0.0.0 Safari/537.36",1bd018b5f121255f21438bd8a8a5471315a06e7b6fcff3fcb7243f491a60d9e2,2025-10-27T13:28:58,2025-10-27T13:29:37.881763,39140
369915dc-7220-43ee-a8eb-74c16d51310a,彭23,Group1,multi_stage,1,B,2025A,sample_061_combined,yes,170,133,31672,0,0,2025-10-27T13:29:30,2025-10-27T13:29:30.406000,"Mozilla/5.0 (Macintosh; Intel Mac OS X 10_15_7) AppleWebKit/537.36 (KHTML, like Gecko) Chrome/141.0.0.0 Safari/537.36",1bd018b5f121255f21438bd8a8a5471315a06e7b6fcff3fcb7243f491a60d9e2,2025-10-27T13:28:58,2025-10-27T13:29:37.881763,39140
369915dc-7220-43ee-a8eb-74c16d51310a,彭23,Group1,multi_stage,1,B,2025A,sample_166_combined,yes,171,133,31838,0,0,2025-10-27T13:29:30,2025-10-27T13:29:30.572000,"Mozilla/5.0 (Macintosh; Intel Mac OS X 10_15_7) AppleWebKit/537.36 (KHTML, like Gecko) Chrome/141.0.0.0 Safari/537.36",1bd018b5f121255f21438bd8a8a5471315a06e7b6fcff3fcb7243f491a60d9e2,2025-10-27T13:28:58,2025-10-27T13:29:37.881763,39140
369915dc-7220-43ee-a8eb-74c16d51310a,彭23,Group1,multi_stage,1,B,2025A,sample_174_combined,yes,172,131,32005,0,0,2025-10-27T13:29:30,2025-10-27T13:29:30.739000,"Mozilla/5.0 (Macintosh; Intel Mac OS X 10_15_7) AppleWebKit/537.36 (KHTML, like Gecko) Chrome/141.0.0.0 Safari/537.36",1bd018b5f121255f21438bd8a8a5471315a06e7b6fcff3fcb7243f491a60d9e2,2025-10-27T13:28:58,2025-10-27T13:29:37.881763,39140
369915dc-7220-43ee-a8eb-74c16d51310a,彭23,Group1,multi_stage,1,B,2025A,sample_187_combined,yes,173,156,32196,0,0,2025-10-27T13:29:30,2025-10-27T13:29:30.930000,"Mozilla/5.0 (Macintosh; Intel Mac OS X 10_15_7) AppleWebKit/537.36 (KHTML, like Gecko) Chrome/141.0.0.0 Safari/537.36",1bd018b5f121255f21438bd8a8a5471315a06e7b6fcff3fcb7243f491a60d9e2,2025-10-27T13:28:58,2025-10-27T13:29:37.881763,39140
369915dc-7220-43ee-a8eb-74c16d51310a,彭23,Group1,multi_stage,1,B,2025A,sample_191_combined,yes,174,123,32338,0,0,2025-10-27T13:29:31,2025-10-27T13:29:31.072000,"Mozilla/5.0 (Macintosh; Intel Mac OS X 10_15_7) AppleWebKit/537.36 (KHTML, like Gecko) Chrome/141.0.0.0 Safari/537.36",1bd018b5f121255f21438bd8a8a5471315a06e7b6fcff3fcb7243f491a60d9e2,2025-10-27T13:28:58,2025-10-27T13:29:37.881763,39140
369915dc-7220-43ee-a8eb-74c16d51310a,彭23,Group1,multi_stage,1,B,2025A,sample_000_combined,yes,175,168,32539,0,0,2025-10-27T13:29:31,2025-10-27T13:29:31.273000,"Mozilla/5.0 (Macintosh; Intel Mac OS X 10_15_7) AppleWebKit/537.36 (KHTML, like Gecko) Chrome/141.0.0.0 Safari/537.36",1bd018b5f121255f21438bd8a8a5471315a06e7b6fcff3fcb7243f491a60d9e2,2025-10-27T13:28:58,2025-10-27T13:29:37.881763,39140
369915dc-7220-43ee-a8eb-74c16d51310a,彭23,Group1,multi_stage,1,B,2025A,sample_121_combined,yes,176,100,32672,0,0,2025-10-27T13:29:31,2025-10-27T13:29:31.406000,"Mozilla/5.0 (Macintosh; Intel Mac OS X 10_15_7) AppleWebKit/537.36 (KHTML, like Gecko) Chrome/141.0.0.0 Safari/537.36",1bd018b5f121255f21438bd8a8a5471315a06e7b6fcff3fcb7243f491a60d9e2,2025-10-27T13:28:58,2025-10-27T13:29:37.881763,39140
369915dc-7220-43ee-a8eb-74c16d51310a,彭23,Group1,multi_stage,1,B,2025A,sample_017_combined,yes,177,167,32872,0,0,2025-10-27T13:29:31,2025-10-27T13:29:31.606000,"Mozilla/5.0 (Macintosh; Intel Mac OS X 10_15_7) AppleWebKit/537.36 (KHTML, like Gecko) Chrome/141.0.0.0 Safari/537.36",1bd018b5f121255f21438bd8a8a5471315a06e7b6fcff3fcb7243f491a60d9e2,2025-10-27T13:28:58,2025-10-27T13:29:37.881763,39140
369915dc-7220-43ee-a8eb-74c16d51310a,彭23,Group1,multi_stage,1,B,2025A,sample_190_combined,yes,178,132,33038,0,0,2025-10-27T13:29:31,2025-10-27T13:29:31.772000,"Mozilla/5.0 (Macintosh; Intel Mac OS X 10_15_7) AppleWebKit/537.36 (KHTML, like Gecko) Chrome/141.0.0.0 Safari/537.36",1bd018b5f121255f21438bd8a8a5471315a06e7b6fcff3fcb7243f491a60d9e2,2025-10-27T13:28:58,2025-10-27T13:29:37.881763,39140
369915dc-7220-43ee-a8eb-74c16d51310a,彭23,Group1,multi_stage,1,B,2025A,sample_071_combined,yes,179,131,33205,0,0,2025-10-27T13:29:31,2025-10-27T13:29:31.939000,"Mozilla/5.0 (Macintosh; Intel Mac OS X 10_15_7) AppleWebKit/537.36 (KHTML, like Gecko) Chrome/141.0.0.0 Safari/537.36",1bd018b5f121255f21438bd8a8a5471315a06e7b6fcff3fcb7243f491a60d9e2,2025-10-27T13:28:58,2025-10-27T13:29:37.881763,39140
369915dc-7220-43ee-a8eb-74c16d51310a,彭23,Group1,multi_stage,1,B,2025A,sample_130_combined,yes,180,134,33372,0,0,2025-10-27T13:29:32,2025-10-27T13:29:32.106000,"Mozilla/5.0 (Macintosh; Intel Mac OS X 10_15_7) AppleWebKit/537.36 (KHTML, like Gecko) Chrome/141.0.0.0 Safari/537.36",1bd018b5f121255f21438bd8a8a5471315a06e7b6fcff3fcb7243f491a60d9e2,2025-10-27T13:28:58,2025-10-27T13:29:37.881763,39140
369915dc-7220-43ee-a8eb-74c16d51310a,彭23,Group1,multi_stage,1,B,2025A,sample_013_combined,yes,181,157,33562,0,0,2025-10-27T13:29:32,2025-10-27T13:29:32.296000,"Mozilla/5.0 (Macintosh; Intel Mac OS X 10_15_7) AppleWebKit/537.36 (KHTML, like Gecko) Chrome/141.0.0.0 Safari/537.36",1bd018b5f121255f21438bd8a8a5471315a06e7b6fcff3fcb7243f491a60d9e2,2025-10-27T13:28:58,2025-10-27T13:29:37.881763,39140
369915dc-7220-43ee-a8eb-74c16d51310a,彭23,Group1,multi_stage,1,B,2025A,sample_064_combined,yes,182,125,33705,0,0,2025-10-27T13:29:32,2025-10-27T13:29:32.439000,"Mozilla/5.0 (Macintosh; Intel Mac OS X 10_15_7) AppleWebKit/537.36 (KHTML, like Gecko) Chrome/141.0.0.0 Safari/537.36",1bd018b5f121255f21438bd8a8a5471315a06e7b6fcff3fcb7243f491a60d9e2,2025-10-27T13:28:58,2025-10-27T13:29:37.881763,39140
369915dc-7220-43ee-a8eb-74c16d51310a,彭23,Group1,multi_stage,1,B,2025A,sample_107_combined,yes,183,133,33872,0,0,2025-10-27T13:29:32,2025-10-27T13:29:32.606000,"Mozilla/5.0 (Macintosh; Intel Mac OS X 10_15_7) AppleWebKit/537.36 (KHTML, like Gecko) Chrome/141.0.0.0 Safari/537.36",1bd018b5f121255f21438bd8a8a5471315a06e7b6fcff3fcb7243f491a60d9e2,2025-10-27T13:28:58,2025-10-27T13:29:37.881763,39140
369915dc-7220-43ee-a8eb-74c16d51310a,彭23,Group1,multi_stage,1,B,2025A,sample_177_combined,yes,184,134,34039,0,0,2025-10-27T13:29:32,2025-10-27T13:29:32.773000,"Mozilla/5.0 (Macintosh; Intel Mac OS X 10_15_7) AppleWebKit/537.36 (KHTML, like Gecko) Chrome/141.0.0.0 Safari/537.36",1bd018b5f121255f21438bd8a8a5471315a06e7b6fcff3fcb7243f491a60d9e2,2025-10-27T13:28:58,2025-10-27T13:29:37.881763,39140
369915dc-7220-43ee-a8eb-74c16d51310a,彭23,Group1,multi_stage,1,B,2025A,sample_202_combined,yes,185,167,34239,0,0,2025-10-27T13:29:32,2025-10-27T13:29:32.973000,"Mozilla/5.0 (Macintosh; Intel Mac OS X 10_15_7) AppleWebKit/537.36 (KHTML, like Gecko) Chrome/141.0.0.0 Safari/537.36",1bd018b5f121255f21438bd8a8a5471315a06e7b6fcff3fcb7243f491a60d9e2,2025-10-27T13:28:58,2025-10-27T13:29:37.881763,39140
369915dc-7220-43ee-a8eb-74c16d51310a,彭23,Group1,multi_stage,1,B,2025A,sample_122_combined,yes,186,298,34572,0,0,2025-10-27T13:29:33,2025-10-27T13:29:33.306000,"Mozilla/5.0 (Macintosh; Intel Mac OS X 10_15_7) AppleWebKit/537.36 (KHTML, like Gecko) Chrome/141.0.0.0 Safari/537.36",1bd018b5f121255f21438bd8a8a5471315a06e7b6fcff3fcb7243f491a60d9e2,2025-10-27T13:28:58,2025-10-27T13:29:37.881763,39140
369915dc-7220-43ee-a8eb-74c16d51310a,彭23,Group1,multi_stage,1,B,2025A,sample_046_combined,yes,187,99,34705,0,0,2025-10-27T13:29:33,2025-10-27T13:29:33.439000,"Mozilla/5.0 (Macintosh; Intel Mac OS X 10_15_7) AppleWebKit/537.36 (KHTML, like Gecko) Chrome/141.0.0.0 Safari/537.36",1bd018b5f121255f21438bd8a8a5471315a06e7b6fcff3fcb7243f491a60d9e2,2025-10-27T13:28:58,2025-10-27T13:29:37.881763,39140
369915dc-7220-43ee-a8eb-74c16d51310a,彭23,Group1,multi_stage,1,B,2025A,sample_197_combined,yes,188,134,34872,0,0,2025-10-27T13:29:33,2025-10-27T13:29:33.606000,"Mozilla/5.0 (Macintosh; Intel Mac OS X 10_15_7) AppleWebKit/537.36 (KHTML, like Gecko) Chrome/141.0.0.0 Safari/537.36",1bd018b5f121255f21438bd8a8a5471315a06e7b6fcff3fcb7243f491a60d9e2,2025-10-27T13:28:58,2025-10-27T13:29:37.881763,39140
369915dc-7220-43ee-a8eb-74c16d51310a,彭23,Group1,multi_stage,1,B,2025A,sample_079_combined,yes,189,134,35039,0,0,2025-10-27T13:29:33,2025-10-27T13:29:33.773000,"Mozilla/5.0 (Macintosh; Intel Mac OS X 10_15_7) AppleWebKit/537.36 (KHTML, like Gecko) Chrome/141.0.0.0 Safari/537.36",1bd018b5f121255f21438bd8a8a5471315a06e7b6fcff3fcb7243f491a60d9e2,2025-10-27T13:28:58,2025-10-27T13:29:37.881763,39140
369915dc-7220-43ee-a8eb-74c16d51310a,彭23,Group1,multi_stage,1,B,2025A,sample_142_combined,yes,190,100,35172,0,0,2025-10-27T13:29:33,2025-10-27T13:29:33.906000,"Mozilla/5.0 (Macintosh; Intel Mac OS X 10_15_7) AppleWebKit/537.36 (KHTML, like Gecko) Chrome/141.0.0.0 Safari/537.36",1bd018b5f121255f21438bd8a8a5471315a06e7b6fcff3fcb7243f491a60d9e2,2025-10-27T13:28:58,2025-10-27T13:29:37.881763,39140
369915dc-7220-43ee-a8eb-74c16d51310a,彭23,Group1,multi_stage,1,B,2025A,sample_022_combined,yes,191,133,35338,0,0,2025-10-27T13:29:34,2025-10-27T13:29:34.072000,"Mozilla/5.0 (Macintosh; Intel Mac OS X 10_15_7) AppleWebKit/537.36 (KHTML, like Gecko) Chrome/141.0.0.0 Safari/537.36",1bd018b5f121255f21438bd8a8a5471315a06e7b6fcff3fcb7243f491a60d9e2,2025-10-27T13:28:58,2025-10-27T13:29:37.881763,39140
369915dc-7220-43ee-a8eb-74c16d51310a,彭23,Group1,multi_stage,1,B,2025A,sample_158_combined,yes,192,267,35639,0,0,2025-10-27T13:29:34,2025-10-27T13:29:34.373000,"Mozilla/5.0 (Macintosh; Intel Mac OS X 10_15_7) AppleWebKit/537.36 (KHTML, like Gecko) Chrome/141.0.0.0 Safari/537.36",1bd018b5f121255f21438bd8a8a5471315a06e7b6fcff3fcb7243f491a60d9e2,2025-10-27T13:28:58,2025-10-27T13:29:37.881763,39140
369915dc-7220-43ee-a8eb-74c16d51310a,彭23,Group1,multi_stage,1,B,2025A,sample_007_combined,yes,193,140,35805,0,0,2025-10-27T13:29:34,2025-10-27T13:29:34.539000,"Mozilla/5.0 (Macintosh; Intel Mac OS X 10_15_7) AppleWebKit/537.36 (KHTML, like Gecko) Chrome/141.0.0.0 Safari/537.36",1bd018b5f121255f21438bd8a8a5471315a06e7b6fcff3fcb7243f491a60d9e2,2025-10-27T13:28:58,2025-10-27T13:29:37.881763,39140
369915dc-7220-43ee-a8eb-74c16d51310a,彭23,Group1,multi_stage,1,B,2025A,sample_088_combined,yes,194,132,35972,0,0,2025-10-27T13:29:34,2025-10-27T13:29:34.706000,"Mozilla/5.0 (Macintosh; Intel Mac OS X 10_15_7) AppleWebKit/537.36 (KHTML, like Gecko) Chrome/141.0.0.0 Safari/537.36",1bd018b5f121255f21438bd8a8a5471315a06e7b6fcff3fcb7243f491a60d9e2,2025-10-27T13:28:58,2025-10-27T13:29:37.881763,39140
369915dc-7220-43ee-a8eb-74c16d51310a,彭23,Group1,multi_stage,1,B,2025A,sample_016_combined,yes,195,131,36138,0,0,2025-10-27T13:29:34,2025-10-27T13:29:34.872000,"Mozilla/5.0 (Macintosh; Intel Mac OS X 10_15_7) AppleWebKit/537.36 (KHTML, like Gecko) Chrome/141.0.0.0 Safari/537.36",1bd018b5f121255f21438bd8a8a5471315a06e7b6fcff3fcb7243f491a60d9e2,2025-10-27T13:28:58,2025-10-27T13:29:37.881763,39140
369915dc-7220-43ee-a8eb-74c16d51310a,彭23,Group1,multi_stage,1,B,2025A,sample_082_combined,yes,196,131,36305,0,0,2025-10-27T13:29:35,2025-10-27T13:29:35.039000,"Mozilla/5.0 (Macintosh; Intel Mac OS X 10_15_7) AppleWebKit/537.36 (KHTML, like Gecko) Chrome/141.0.0.0 Safari/537.36",1bd018b5f121255f21438bd8a8a5471315a06e7b6fcff3fcb7243f491a60d9e2,2025-10-27T13:28:58,2025-10-27T13:29:37.881763,39140
369915dc-7220-43ee-a8eb-74c16d51310a,彭23,Group1,multi_stage,1,B,2025A,sample_074_combined,yes,197,133,36472,0,0,2025-10-27T13:29:35,2025-10-27T13:29:35.206000,"Mozilla/5.0 (Macintosh; Intel Mac OS X 10_15_7) AppleWebKit/537.36 (KHTML, like Gecko) Chrome/141.0.0.0 Safari/537.36",1bd018b5f121255f21438bd8a8a5471315a06e7b6fcff3fcb7243f491a60d9e2,2025-10-27T13:28:58,2025-10-27T13:29:37.881763,39140
369915dc-7220-43ee-a8eb-74c16d51310a,彭23,Group1,multi_stage,1,B,2025A,sample_115_combined,yes,198,134,36638,0,0,2025-10-27T13:29:35,2025-10-27T13:29:35.372000,"Mozilla/5.0 (Macintosh; Intel Mac OS X 10_15_7) AppleWebKit/537.36 (KHTML, like Gecko) Chrome/141.0.0.0 Safari/537.36",1bd018b5f121255f21438bd8a8a5471315a06e7b6fcff3fcb7243f491a60d9e2,2025-10-27T13:28:58,2025-10-27T13:29:37.881763,39140
369915dc-7220-43ee-a8eb-74c16d51310a,彭23,Group1,multi_stage,1,B,2025A,sample_023_combined,yes,199,158,36830,0,0,2025-10-27T13:29:35,2025-10-27T13:29:35.564000,"Mozilla/5.0 (Macintosh; Intel Mac OS X 10_15_7) AppleWebKit/537.36 (KHTML, like Gecko) Chrome/141.0.0.0 Safari/537.36",1bd018b5f121255f21438bd8a8a5471315a06e7b6fcff3fcb7243f491a60d9e2,2025-10-27T13:28:58,2025-10-27T13:29:37.881763,39140
369915dc-7220-43ee-a8eb-74c16d51310a,彭23,Group1,multi_stage,1,B,2025A,sample_112_combined,yes,200,124,36971,0,0,2025-10-27T13:29:35,2025-10-27T13:29:35.705000,"Mozilla/5.0 (Macintosh; Intel Mac OS X 10_15_7) AppleWebKit/537.36 (KHTML, like Gecko) Chrome/141.0.0.0 Safari/537.36",1bd018b5f121255f21438bd8a8a5471315a06e7b6fcff3fcb7243f491a60d9e2,2025-10-27T13:28:58,2025-10-27T13:29:37.881763,39140
369915dc-7220-43ee-a8eb-74c16d51310a,彭23,Group1,multi_stage,1,B,2025A,sample_155_combined,yes,201,132,37139,0,0,2025-10-27T13:29:35,2025-10-27T13:29:35.873000,"Mozilla/5.0 (Macintosh; Intel Mac OS X 10_15_7) AppleWebKit/537.36 (KHTML, like Gecko) Chrome/141.0.0.0 Safari/537.36",1bd018b5f121255f21438bd8a8a5471315a06e7b6fcff3fcb7243f491a60d9e2,2025-10-27T13:28:58,2025-10-27T13:29:37.881763,39140
369915dc-7220-43ee-a8eb-74c16d51310a,彭23,Group1,multi_stage,1,B,2025A,sample_015_combined,yes,202,165,37338,0,0,2025-10-27T13:29:36,2025-10-27T13:29:36.072000,"Mozilla/5.0 (Macintosh; Intel Mac OS X 10_15_7) AppleWebKit/537.36 (KHTML, like Gecko) Chrome/141.0.0.0 Safari/537.36",1bd018b5f121255f21438bd8a8a5471315a06e7b6fcff3fcb7243f491a60d9e2,2025-10-27T13:28:58,2025-10-27T13:29:37.881763,39140
369915dc-7220-43ee-a8eb-74c16d51310a,彭23,Group1,multi_stage,1,B,2025A,sample_065_combined,yes,203,133,37505,0,0,2025-10-27T13:29:36,2025-10-27T13:29:36.239000,"Mozilla/5.0 (Macintosh; Intel Mac OS X 10_15_7) AppleWebKit/537.36 (KHTML, like Gecko) Chrome/141.0.0.0 Safari/537.36",1bd018b5f121255f21438bd8a8a5471315a06e7b6fcff3fcb7243f491a60d9e2,2025-10-27T13:28:58,2025-10-27T13:29:37.881763,39140
369915dc-7220-43ee-a8eb-74c16d51310a,彭23,Group1,multi_stage,1,B,2025A,sample_196_combined,yes,204,500,38039,0,0,2025-10-27T13:29:36,2025-10-27T13:29:36.773000,"Mozilla/5.0 (Macintosh; Intel Mac OS X 10_15_7) AppleWebKit/537.36 (KHTML, like Gecko) Chrome/141.0.0.0 Safari/537.36",1bd018b5f121255f21438bd8a8a5471315a06e7b6fcff3fcb7243f491a60d9e2,2025-10-27T13:28:58,2025-10-27T13:29:37.881763,39140
